member_id,m_name,gender,phone,email,date_of_birth,status,join_date,created_at
1,Divya Reddy,Male,9299805377,user1@gym.com,2006-01-15,suspended,2024-07-21,2024-07-21 00:00:00
2,Sneha Kumar,Female,9922290292,user2@gym.com,1992-12-21,suspended,2023-03-03,2023-03-03 00:00:00
3,Rahul Patel,Female,9262952918,user3@gym.com,1993-05-22,inactive,2024-09-23,2024-09-23 00:00:00
4,Priya Patel,Female,9319090816,user4@gym.com,2005-03-08,suspended,2022-11-23,2022-11-23 00:00:00
5,Ajay Kumar,Male,9192187159,user5@gym.com,1992-11-06,suspended,2023-08-16,2023-08-16 00:00:00
6,Divya Nair,Male,9923770171,user6@gym.com,1988-12-17,suspended,2024-03-11,2024-03-11 00:00:00
7,Rahul Singh,Female,9613572159,user7@gym.com,2006-07-10,suspended,2022-07-07,2022-07-07 00:00:00
8,Ajay Nair,Male,9174685471,user8@gym.com,2006-01-08,suspended,2024-09-15,2024-09-15 00:00:00
9,Divya Nair,Male,9931247883,user9@gym.com,1997-05-20,inactive,2023-04-27,2023-04-27 00:00:00
10,Vikram Reddy,Male,9610030489,user10@gym.com,2001-12-28,suspended,2024-07-07,2024-07-07 00:00:00
11,Rahul Reddy,Male,9947862030,user11@gym.com,1998-06-21,suspended,2022-07-25,2022-07-25 00:00:00
12,Divya Nair,Male,9162504592,user12@gym.com,1998-09-20,suspended,2024-04-07,2024-04-07 00:00:00
13,Ajay Sharma,Male,9152427672,user13@gym.com,2001-06-18,inactive,2024-05-17,2024-05-17 00:00:00
14,Arun Das,Female,9155378328,user14@gym.com,2008-10-22,active,2022-01-17,2022-01-17 00:00:00
15,Sneha Mehta,Female,9646225858,user15@gym.com,1992-06-09,suspended,2022-10-23,2022-10-23 00:00:00
16,Sneha Das,Female,9840863811,user16@gym.com,1985-01-10,suspended,2024-03-12,2024-03-12 00:00:00
17,Arun Patel,Female,9308318803,user17@gym.com,1994-12-23,inactive,2022-12-16,2022-12-16 00:00:00
18,Karthik Nair,Male,9102646050,user18@gym.com,1991-10-11,inactive,2024-02-24,2024-02-24 00:00:00
19,Sneha Singh,Female,9568178883,user19@gym.com,2007-09-06,active,2023-02-04,2023-02-04 00:00:00
20,Vikram Nair,Female,9195887080,user20@gym.com,1996-06-27,inactive,2022-08-06,2022-08-06 00:00:00
21,Ajay Kumar,Male,9123941246,user21@gym.com,1988-05-10,suspended,2022-05-29,2022-05-29 00:00:00
22,Ajay Verma,Male,9262446104,user22@gym.com,1996-02-19,inactive,2022-09-04,2022-09-04 00:00:00
23,Riya Sharma,Male,9650468569,user23@gym.com,1997-12-20,active,2022-06-17,2022-06-17 00:00:00
24,Anu Patel,Female,9113198865,user24@gym.com,1991-10-06,active,2023-01-20,2023-01-20 00:00:00
25,Priya Nair,Female,9344714009,user25@gym.com,2011-03-18,inactive,2022-08-03,2022-08-03 00:00:00
26,Riya Nair,Female,9866990676,user26@gym.com,2002-07-27,active,2023-11-22,2023-11-22 00:00:00
27,Vikram Nair,Male,9202112576,user27@gym.com,1992-06-29,active,2023-02-11,2023-02-11 00:00:00
28,Ajay Verma,Female,9430243314,user28@gym.com,2005-05-09,active,2024-09-24,2024-09-24 00:00:00
29,Karthik Nair,Male,9941774614,user29@gym.com,1985-07-21,suspended,2022-02-08,2022-02-08 00:00:00
30,Priya Mehta,Male,9528630559,user30@gym.com,2006-02-26,active,2024-07-13,2024-07-13 00:00:00
31,Riya Patel,Male,9191748379,user31@gym.com,2005-11-17,active,2023-10-17,2023-10-17 00:00:00
32,Priya Sharma,Male,9411714976,user32@gym.com,2006-07-21,inactive,2022-06-02,2022-06-02 00:00:00
33,Rahul Singh,Female,9371780970,user33@gym.com,1986-03-31,active,2022-05-13,2022-05-13 00:00:00
34,Divya Singh,Male,9910634366,user34@gym.com,1988-11-28,inactive,2022-01-30,2022-01-30 00:00:00
35,Divya Singh,Male,9325731303,user35@gym.com,1988-06-20,suspended,2022-08-24,2022-08-24 00:00:00
36,Riya Iyer,Male,9151110157,user36@gym.com,1991-11-04,inactive,2023-08-03,2023-08-03 00:00:00
37,Vikram Nair,Male,9115011913,user37@gym.com,1988-11-06,active,2022-06-27,2022-06-27 00:00:00
38,Karthik Nair,Female,9346082070,user38@gym.com,1992-01-10,active,2022-04-19,2022-04-19 00:00:00
39,Rahul Sharma,Male,9757341105,user39@gym.com,2004-05-20,active,2022-03-03,2022-03-03 00:00:00
40,Rahul Verma,Female,9881580095,user40@gym.com,2001-10-04,suspended,2022-07-31,2022-07-31 00:00:00
41,Vikram Nair,Male,9376653737,user41@gym.com,2001-06-09,inactive,2022-06-22,2022-06-22 00:00:00
42,Priya Kumar,Male,9113316471,user42@gym.com,2012-02-02,inactive,2022-06-27,2022-06-27 00:00:00
43,Ajay Iyer,Female,9993044441,user43@gym.com,1987-09-06,active,2022-06-03,2022-06-03 00:00:00
44,Arun Kumar,Female,9809610844,user44@gym.com,2011-02-26,active,2023-02-22,2023-02-22 00:00:00
45,Sneha Mehta,Female,9252154349,user45@gym.com,1998-06-20,active,2023-06-09,2023-06-09 00:00:00
46,Divya Das,Female,9897192287,user46@gym.com,1987-01-31,inactive,2023-10-27,2023-10-27 00:00:00
47,Sneha Reddy,Male,9143868459,user47@gym.com,2001-04-18,active,2024-02-24,2024-02-24 00:00:00
48,Rahul Iyer,Male,9963870210,user48@gym.com,1992-03-08,inactive,2022-12-13,2022-12-13 00:00:00
49,Arun Sharma,Male,9225195827,user49@gym.com,1985-04-01,suspended,2024-09-01,2024-09-01 00:00:00
50,Arun Reddy,Female,9201602561,user50@gym.com,1993-04-06,suspended,2024-06-13,2024-06-13 00:00:00
51,Anu Mehta,Male,9789227502,user51@gym.com,1988-10-05,inactive,2024-07-23,2024-07-23 00:00:00
52,Vikram Patel,Male,9906867953,user52@gym.com,1997-12-23,inactive,2023-05-08,2023-05-08 00:00:00
53,Anu Iyer,Female,9761548021,user53@gym.com,1996-02-17,suspended,2022-09-19,2022-09-19 00:00:00
54,Anu Reddy,Male,9831270057,user54@gym.com,1986-10-05,suspended,2023-11-29,2023-11-29 00:00:00
55,Vikram Nair,Female,9384534592,user55@gym.com,2004-12-05,inactive,2024-03-28,2024-03-28 00:00:00
56,Vikram Singh,Male,9470415889,user56@gym.com,1987-09-23,active,2023-07-02,2023-07-02 00:00:00
57,Divya Nair,Female,9953732539,user57@gym.com,2003-06-21,suspended,2022-02-16,2022-02-16 00:00:00
58,Rahul Das,Male,9302818567,user58@gym.com,2001-03-26,active,2024-08-22,2024-08-22 00:00:00
59,Riya Reddy,Male,9858359190,user59@gym.com,1990-12-04,active,2022-10-22,2022-10-22 00:00:00
60,Divya Iyer,Female,9912438793,user60@gym.com,2010-11-23,inactive,2022-11-12,2022-11-12 00:00:00
61,Sneha Reddy,Male,9438349322,user61@gym.com,1999-02-21,inactive,2023-03-21,2023-03-21 00:00:00
62,Sneha Kumar,Male,9483637329,user62@gym.com,1993-08-31,inactive,2022-10-18,2022-10-18 00:00:00
63,Rahul Patel,Male,9987591220,user63@gym.com,1999-08-31,suspended,2022-02-23,2022-02-23 00:00:00
64,Anu Mehta,Male,9730634206,user64@gym.com,1999-10-01,suspended,2023-11-29,2023-11-29 00:00:00
65,Rahul Kumar,Female,9245339864,user65@gym.com,1987-03-28,inactive,2022-02-04,2022-02-04 00:00:00
66,Rahul Mehta,Male,9279066223,user66@gym.com,1999-05-26,suspended,2023-01-03,2023-01-03 00:00:00
67,Anu Sharma,Male,9562733241,user67@gym.com,2005-04-06,suspended,2023-11-30,2023-11-30 00:00:00
68,Ajay Sharma,Female,9895404562,user68@gym.com,2006-12-09,inactive,2022-04-06,2022-04-06 00:00:00
69,Sneha Verma,Male,9686137325,user69@gym.com,1987-04-27,inactive,2024-05-12,2024-05-12 00:00:00
70,Karthik Mehta,Female,9531005431,user70@gym.com,1985-07-26,inactive,2023-12-20,2023-12-20 00:00:00
71,Sneha Verma,Female,9173968022,user71@gym.com,2005-08-12,suspended,2024-04-02,2024-04-02 00:00:00
72,Anu Sharma,Female,9571686978,user72@gym.com,1999-12-30,suspended,2022-01-21,2022-01-21 00:00:00
73,Riya Mehta,Male,9584236908,user73@gym.com,1999-11-09,active,2024-01-14,2024-01-14 00:00:00
74,Ajay Sharma,Female,9276039837,user74@gym.com,1994-01-18,suspended,2024-06-14,2024-06-14 00:00:00
75,Divya Patel,Male,9139761934,user75@gym.com,1999-06-11,suspended,2023-07-14,2023-07-14 00:00:00
76,Priya Das,Male,9156602727,user76@gym.com,2004-08-11,active,2022-07-14,2022-07-14 00:00:00
77,Priya Iyer,Female,9128196957,user77@gym.com,1995-06-07,inactive,2022-07-14,2022-07-14 00:00:00
78,Vikram Das,Male,9422978189,user78@gym.com,2011-07-13,inactive,2024-09-27,2024-09-27 00:00:00
79,Karthik Patel,Male,9572116235,user79@gym.com,2011-02-11,active,2023-10-24,2023-10-24 00:00:00
80,Arun Nair,Female,9333240724,user80@gym.com,1994-03-07,active,2023-03-11,2023-03-11 00:00:00
81,Arun Singh,Male,9952981104,user81@gym.com,2001-03-25,suspended,2022-12-10,2022-12-10 00:00:00
82,Karthik Das,Female,9956349431,user82@gym.com,1993-07-31,suspended,2022-04-27,2022-04-27 00:00:00
83,Arun Nair,Female,9721915329,user83@gym.com,2010-10-16,suspended,2022-08-17,2022-08-17 00:00:00
84,Sneha Singh,Male,9974181215,user84@gym.com,1987-05-29,active,2023-09-03,2023-09-03 00:00:00
85,Rahul Nair,Male,9334758799,user85@gym.com,2011-05-26,active,2023-10-10,2023-10-10 00:00:00
86,Anu Singh,Male,9823551547,user86@gym.com,1986-10-24,inactive,2022-05-20,2022-05-20 00:00:00
87,Ajay Mehta,Female,9326050889,user87@gym.com,2010-05-07,active,2024-03-17,2024-03-17 00:00:00
88,Karthik Patel,Male,9142062468,user88@gym.com,1990-08-22,suspended,2024-04-19,2024-04-19 00:00:00
89,Anu Das,Female,9463457275,user89@gym.com,2011-02-25,active,2024-03-04,2024-03-04 00:00:00
90,Riya Patel,Male,9531188904,user90@gym.com,1987-08-13,active,2024-08-06,2024-08-06 00:00:00
91,Sneha Singh,Male,9733622737,user91@gym.com,2009-02-26,active,2024-08-09,2024-08-09 00:00:00
92,Karthik Das,Male,9616056149,user92@gym.com,2012-03-18,active,2024-04-06,2024-04-06 00:00:00
93,Riya Kumar,Male,9735500806,user93@gym.com,1997-01-20,inactive,2024-04-27,2024-04-27 00:00:00
94,Sneha Kumar,Female,9384762295,user94@gym.com,2005-11-01,active,2022-07-26,2022-07-26 00:00:00
95,Ajay Patel,Male,9163547961,user95@gym.com,2008-05-21,active,2024-05-31,2024-05-31 00:00:00
96,Anu Mehta,Female,9349128562,user96@gym.com,1992-04-08,inactive,2023-03-13,2023-03-13 00:00:00
97,Anu Iyer,Female,9737863683,user97@gym.com,2002-06-19,active,2022-03-05,2022-03-05 00:00:00
98,Vikram Patel,Female,9992051174,user98@gym.com,2010-10-27,inactive,2024-03-19,2024-03-19 00:00:00
99,Karthik Das,Male,9165078183,user99@gym.com,2003-06-05,active,2022-03-11,2022-03-11 00:00:00
100,Vikram Patel,Male,9281307656,user100@gym.com,1994-10-25,active,2022-06-03,2022-06-03 00:00:00
101,Ajay Das,Male,9327093164,user101@gym.com,1994-07-04,suspended,2023-02-23,2023-02-23 00:00:00
102,Ajay Iyer,Male,9376445485,user102@gym.com,2012-02-14,suspended,2024-04-04,2024-04-04 00:00:00
103,Sneha Das,Male,9644958156,user103@gym.com,2003-10-20,active,2023-03-28,2023-03-28 00:00:00
104,Anu Singh,Female,9404820225,user104@gym.com,1996-08-04,active,2022-04-27,2022-04-27 00:00:00
105,Priya Iyer,Female,9812447750,user105@gym.com,1998-03-28,active,2022-02-25,2022-02-25 00:00:00
106,Riya Kumar,Female,9935730382,user106@gym.com,1997-10-26,active,2022-02-25,2022-02-25 00:00:00
107,Anu Iyer,Female,9677838261,user107@gym.com,1999-03-23,suspended,2023-05-10,2023-05-10 00:00:00
108,Rahul Singh,Male,9582338586,user108@gym.com,2007-11-05,inactive,2023-05-28,2023-05-28 00:00:00
109,Divya Kumar,Female,9277158096,user109@gym.com,2002-01-07,suspended,2024-01-27,2024-01-27 00:00:00
110,Divya Verma,Female,9305058935,user110@gym.com,2011-09-27,inactive,2023-03-19,2023-03-19 00:00:00
111,Sneha Reddy,Male,9453130035,user111@gym.com,2000-11-13,active,2022-09-21,2022-09-21 00:00:00
112,Priya Das,Female,9394587979,user112@gym.com,1990-08-11,inactive,2023-09-15,2023-09-15 00:00:00
113,Vikram Iyer,Female,9196293141,user113@gym.com,1990-09-23,active,2023-10-29,2023-10-29 00:00:00
114,Anu Iyer,Male,9788342649,user114@gym.com,1989-02-24,suspended,2023-02-16,2023-02-16 00:00:00
115,Vikram Kumar,Male,9586509170,user115@gym.com,1992-11-15,suspended,2023-09-21,2023-09-21 00:00:00
116,Rahul Iyer,Male,9469603254,user116@gym.com,2000-12-01,active,2023-06-09,2023-06-09 00:00:00
117,Ajay Patel,Male,9556669480,user117@gym.com,1992-03-05,suspended,2022-12-14,2022-12-14 00:00:00
118,Karthik Nair,Male,9770734680,user118@gym.com,1991-12-23,active,2023-07-12,2023-07-12 00:00:00
119,Sneha Singh,Female,9829579729,user119@gym.com,1994-12-02,suspended,2022-04-22,2022-04-22 00:00:00
120,Sneha Reddy,Male,9125369764,user120@gym.com,1985-12-22,suspended,2024-02-01,2024-02-01 00:00:00
121,Priya Verma,Female,9855208778,user121@gym.com,2011-03-04,suspended,2024-06-12,2024-06-12 00:00:00
122,Anu Kumar,Female,9866387911,user122@gym.com,1989-09-14,inactive,2024-01-21,2024-01-21 00:00:00
123,Sneha Kumar,Female,9561733598,user123@gym.com,1988-01-10,active,2022-10-26,2022-10-26 00:00:00
124,Ajay Mehta,Male,9985023272,user124@gym.com,1994-06-26,suspended,2022-03-23,2022-03-23 00:00:00
125,Vikram Sharma,Female,9589123042,user125@gym.com,1993-07-14,active,2024-07-02,2024-07-02 00:00:00
126,Rahul Patel,Female,9112510472,user126@gym.com,2006-12-28,active,2022-07-27,2022-07-27 00:00:00
127,Sneha Sharma,Male,9345098583,user127@gym.com,1986-03-25,inactive,2023-07-20,2023-07-20 00:00:00
128,Arun Singh,Male,9406585648,user128@gym.com,2006-08-05,inactive,2024-07-21,2024-07-21 00:00:00
129,Karthik Singh,Female,9851734398,user129@gym.com,1997-06-05,inactive,2023-02-08,2023-02-08 00:00:00
130,Priya Singh,Female,9653906707,user130@gym.com,2009-08-27,active,2024-02-19,2024-02-19 00:00:00
131,Riya Patel,Female,9724099804,user131@gym.com,1990-06-20,suspended,2022-10-03,2022-10-03 00:00:00
132,Vikram Nair,Female,9416861321,user132@gym.com,1986-09-11,active,2024-08-30,2024-08-30 00:00:00
133,Arun Sharma,Female,9170711860,user133@gym.com,1993-11-06,active,2023-06-01,2023-06-01 00:00:00
134,Karthik Verma,Male,9843729259,user134@gym.com,1994-07-28,active,2023-11-02,2023-11-02 00:00:00
135,Divya Reddy,Female,9906853842,user135@gym.com,2004-04-23,inactive,2024-09-04,2024-09-04 00:00:00
136,Riya Nair,Male,9674455236,user136@gym.com,2008-05-22,suspended,2022-06-13,2022-06-13 00:00:00
137,Vikram Das,Male,9422447629,user137@gym.com,2000-10-27,active,2022-03-27,2022-03-27 00:00:00
138,Vikram Patel,Female,9560546539,user138@gym.com,1986-12-01,inactive,2022-10-13,2022-10-13 00:00:00
139,Rahul Patel,Male,9199888552,user139@gym.com,1998-05-02,inactive,2024-05-03,2024-05-03 00:00:00
140,Karthik Das,Female,9652808003,user140@gym.com,1993-11-19,inactive,2023-09-10,2023-09-10 00:00:00
141,Vikram Das,Female,9954728248,user141@gym.com,2005-07-24,inactive,2024-03-02,2024-03-02 00:00:00
142,Riya Verma,Female,9179991616,user142@gym.com,2008-11-01,suspended,2023-03-15,2023-03-15 00:00:00
143,Vikram Kumar,Female,9586969616,user143@gym.com,1988-11-28,inactive,2023-08-01,2023-08-01 00:00:00
144,Ajay Kumar,Male,9623426507,user144@gym.com,2002-01-23,inactive,2022-08-02,2022-08-02 00:00:00
145,Vikram Singh,Female,9611515513,user145@gym.com,2011-12-25,inactive,2023-01-21,2023-01-21 00:00:00
146,Divya Patel,Female,9460095234,user146@gym.com,1986-06-19,inactive,2022-11-11,2022-11-11 00:00:00
147,Ajay Patel,Male,9826757269,user147@gym.com,1994-02-21,active,2022-01-01,2022-01-01 00:00:00
148,Riya Das,Male,9957833025,user148@gym.com,1999-04-05,inactive,2023-09-06,2023-09-06 00:00:00
149,Sneha Kumar,Female,9536396920,user149@gym.com,2008-05-15,suspended,2024-07-28,2024-07-28 00:00:00
150,Anu Mehta,Male,9105711912,user150@gym.com,1994-09-20,active,2023-01-09,2023-01-09 00:00:00
151,Anu Sharma,Male,9986079892,user151@gym.com,2001-06-09,inactive,2023-06-20,2023-06-20 00:00:00
152,Ajay Verma,Female,9768910236,user152@gym.com,2011-03-26,inactive,2024-07-10,2024-07-10 00:00:00
153,Vikram Sharma,Female,9674876320,user153@gym.com,2001-09-12,inactive,2024-09-27,2024-09-27 00:00:00
154,Ajay Reddy,Female,9990044383,user154@gym.com,1993-06-28,inactive,2023-11-30,2023-11-30 00:00:00
155,Divya Nair,Female,9582937533,user155@gym.com,1989-03-01,active,2023-09-04,2023-09-04 00:00:00
156,Anu Iyer,Male,9399999428,user156@gym.com,2003-03-12,inactive,2024-09-21,2024-09-21 00:00:00
157,Priya Reddy,Female,9529534706,user157@gym.com,1985-08-30,inactive,2024-05-30,2024-05-30 00:00:00
158,Priya Nair,Female,9506006121,user158@gym.com,1996-10-12,active,2023-03-28,2023-03-28 00:00:00
159,Anu Nair,Female,9878467852,user159@gym.com,1991-03-07,inactive,2023-02-20,2023-02-20 00:00:00
160,Rahul Das,Male,9144397694,user160@gym.com,1999-08-13,active,2024-02-09,2024-02-09 00:00:00
161,Rahul Kumar,Male,9761379399,user161@gym.com,1999-07-27,active,2022-08-23,2022-08-23 00:00:00
162,Ajay Iyer,Male,9724124715,user162@gym.com,1999-07-03,active,2024-02-02,2024-02-02 00:00:00
163,Anu Reddy,Female,9589776615,user163@gym.com,1996-07-14,inactive,2022-09-26,2022-09-26 00:00:00
164,Sneha Sharma,Male,9879173455,user164@gym.com,1988-02-16,suspended,2024-02-27,2024-02-27 00:00:00
165,Ajay Iyer,Male,9449992723,user165@gym.com,2010-12-03,suspended,2024-09-06,2024-09-06 00:00:00
166,Arun Reddy,Female,9255236816,user166@gym.com,2006-05-01,suspended,2023-03-01,2023-03-01 00:00:00
167,Riya Das,Female,9664984635,user167@gym.com,1987-01-30,suspended,2022-11-06,2022-11-06 00:00:00
168,Ajay Mehta,Male,9781310857,user168@gym.com,1995-04-27,inactive,2024-02-22,2024-02-22 00:00:00
169,Riya Sharma,Male,9712292642,user169@gym.com,1988-02-12,suspended,2022-07-10,2022-07-10 00:00:00
170,Arun Reddy,Female,9751654726,user170@gym.com,2005-02-18,suspended,2022-05-21,2022-05-21 00:00:00
171,Rahul Nair,Male,9670877838,user171@gym.com,1996-04-06,active,2024-09-15,2024-09-15 00:00:00
172,Rahul Singh,Female,9562674466,user172@gym.com,1985-07-24,suspended,2024-07-16,2024-07-16 00:00:00
173,Divya Singh,Female,9763395754,user173@gym.com,1998-07-26,suspended,2022-08-28,2022-08-28 00:00:00
174,Divya Iyer,Female,9697180819,user174@gym.com,1986-11-28,suspended,2023-11-04,2023-11-04 00:00:00
175,Karthik Iyer,Female,9677415282,user175@gym.com,1995-05-24,active,2022-02-24,2022-02-24 00:00:00
176,Sneha Verma,Female,9340608783,user176@gym.com,1996-10-29,active,2023-02-18,2023-02-18 00:00:00
177,Riya Das,Female,9230627208,user177@gym.com,1985-11-15,inactive,2023-09-22,2023-09-22 00:00:00
178,Sneha Sharma,Female,9715556763,user178@gym.com,2007-11-16,active,2022-09-17,2022-09-17 00:00:00
179,Sneha Verma,Male,9649604118,user179@gym.com,1991-12-15,suspended,2024-06-04,2024-06-04 00:00:00
180,Vikram Kumar,Female,9919896694,user180@gym.com,2003-08-21,suspended,2022-11-27,2022-11-27 00:00:00
181,Divya Patel,Female,9739528877,user181@gym.com,1996-06-07,suspended,2022-06-23,2022-06-23 00:00:00
182,Sneha Nair,Female,9141149221,user182@gym.com,1992-07-29,suspended,2023-10-04,2023-10-04 00:00:00
183,Vikram Iyer,Male,9613881829,user183@gym.com,1993-07-01,active,2024-08-28,2024-08-28 00:00:00
184,Sneha Mehta,Female,9909837644,user184@gym.com,2009-01-12,suspended,2024-06-12,2024-06-12 00:00:00
185,Karthik Mehta,Male,9561214859,user185@gym.com,1994-02-27,suspended,2022-08-13,2022-08-13 00:00:00
186,Sneha Verma,Female,9852331073,user186@gym.com,1995-04-20,active,2023-11-25,2023-11-25 00:00:00
187,Sneha Mehta,Male,9813442925,user187@gym.com,1998-02-26,suspended,2023-08-12,2023-08-12 00:00:00
188,Riya Mehta,Female,9361110384,user188@gym.com,2000-06-08,inactive,2023-02-13,2023-02-13 00:00:00
189,Priya Iyer,Male,9647613650,user189@gym.com,2000-11-03,active,2022-11-08,2022-11-08 00:00:00
190,Priya Patel,Male,9187494200,user190@gym.com,2006-02-13,suspended,2024-05-12,2024-05-12 00:00:00
191,Ajay Kumar,Male,9229954768,user191@gym.com,1993-09-04,suspended,2022-04-06,2022-04-06 00:00:00
192,Rahul Reddy,Male,9545168802,user192@gym.com,1996-10-11,active,2022-11-03,2022-11-03 00:00:00
193,Arun Reddy,Male,9580783745,user193@gym.com,1993-06-24,suspended,2023-01-09,2023-01-09 00:00:00
194,Rahul Iyer,Male,9207187743,user194@gym.com,1987-10-23,suspended,2024-03-11,2024-03-11 00:00:00
195,Sneha Singh,Female,9105586042,user195@gym.com,2008-04-01,suspended,2022-05-27,2022-05-27 00:00:00
196,Arun Mehta,Male,9619408275,user196@gym.com,2001-02-06,inactive,2023-10-26,2023-10-26 00:00:00
197,Ajay Kumar,Female,9895216065,user197@gym.com,2008-11-12,suspended,2023-09-19,2023-09-19 00:00:00
198,Vikram Mehta,Female,9649008510,user198@gym.com,2000-01-20,active,2024-08-21,2024-08-21 00:00:00
199,Ajay Patel,Male,9892427118,user199@gym.com,2008-07-17,suspended,2022-10-03,2022-10-03 00:00:00
200,Priya Iyer,Female,9794503303,user200@gym.com,1997-01-30,suspended,2023-04-17,2023-04-17 00:00:00
201,Anu Kumar,Female,9762313617,user201@gym.com,2007-05-07,inactive,2022-03-28,2022-03-28 00:00:00
202,Karthik Singh,Male,9543891171,user202@gym.com,2006-07-18,suspended,2024-01-26,2024-01-26 00:00:00
203,Anu Iyer,Male,9866986189,user203@gym.com,1998-03-08,active,2024-01-19,2024-01-19 00:00:00
204,Karthik Sharma,Female,9759643951,user204@gym.com,2005-02-18,suspended,2024-07-05,2024-07-05 00:00:00
205,Riya Das,Male,9594347237,user205@gym.com,1992-12-17,active,2024-09-24,2024-09-24 00:00:00
206,Sneha Reddy,Female,9429684489,user206@gym.com,2002-01-01,suspended,2023-12-22,2023-12-22 00:00:00
207,Karthik Mehta,Female,9412224734,user207@gym.com,2009-08-15,active,2022-09-24,2022-09-24 00:00:00
208,Divya Singh,Female,9679770879,user208@gym.com,2010-01-18,inactive,2022-02-24,2022-02-24 00:00:00
209,Riya Sharma,Male,9417319848,user209@gym.com,2005-03-05,suspended,2024-04-24,2024-04-24 00:00:00
210,Sneha Reddy,Female,9798654719,user210@gym.com,2007-05-24,suspended,2023-11-30,2023-11-30 00:00:00
211,Rahul Patel,Female,9670185559,user211@gym.com,2007-09-02,inactive,2024-06-10,2024-06-10 00:00:00
212,Anu Verma,Male,9522821137,user212@gym.com,2008-12-11,suspended,2023-06-14,2023-06-14 00:00:00
213,Anu Das,Male,9271252409,user213@gym.com,2009-01-02,active,2023-04-23,2023-04-23 00:00:00
214,Karthik Sharma,Female,9798693389,user214@gym.com,2003-10-10,suspended,2024-03-12,2024-03-12 00:00:00
215,Vikram Patel,Female,9320993802,user215@gym.com,1985-04-05,inactive,2023-04-26,2023-04-26 00:00:00
216,Rahul Iyer,Female,9639208281,user216@gym.com,1994-06-04,inactive,2023-02-06,2023-02-06 00:00:00
217,Rahul Nair,Female,9171647074,user217@gym.com,2012-03-01,active,2024-03-15,2024-03-15 00:00:00
218,Divya Kumar,Female,9966671969,user218@gym.com,2004-02-16,suspended,2022-03-30,2022-03-30 00:00:00
219,Ajay Patel,Male,9190182031,user219@gym.com,2012-04-09,suspended,2023-12-12,2023-12-12 00:00:00
220,Sneha Das,Female,9191326324,user220@gym.com,1988-04-25,inactive,2024-02-28,2024-02-28 00:00:00
221,Rahul Das,Female,9327912668,user221@gym.com,2008-11-05,active,2023-05-25,2023-05-25 00:00:00
222,Sneha Das,Male,9516139503,user222@gym.com,1989-10-25,inactive,2024-09-17,2024-09-17 00:00:00
223,Karthik Nair,Male,9667438564,user223@gym.com,2000-11-02,active,2022-11-12,2022-11-12 00:00:00
224,Karthik Kumar,Female,9958424941,user224@gym.com,2010-03-09,active,2022-06-30,2022-06-30 00:00:00
225,Rahul Reddy,Male,9871726522,user225@gym.com,1988-01-11,suspended,2023-02-05,2023-02-05 00:00:00
226,Arun Mehta,Female,9399205558,user226@gym.com,1986-06-01,suspended,2023-10-30,2023-10-30 00:00:00
227,Arun Sharma,Male,9290215822,user227@gym.com,1998-05-11,active,2022-02-26,2022-02-26 00:00:00
228,Divya Iyer,Male,9232355833,user228@gym.com,2005-04-30,suspended,2022-08-07,2022-08-07 00:00:00
229,Ajay Reddy,Male,9343271111,user229@gym.com,1998-07-21,suspended,2022-04-22,2022-04-22 00:00:00
230,Riya Das,Male,9224238132,user230@gym.com,2007-02-12,active,2024-02-13,2024-02-13 00:00:00
231,Arun Iyer,Female,9404485242,user231@gym.com,2000-01-29,suspended,2023-10-28,2023-10-28 00:00:00
232,Arun Singh,Female,9858343256,user232@gym.com,2001-09-04,active,2022-01-26,2022-01-26 00:00:00
233,Arun Kumar,Male,9802978023,user233@gym.com,1991-11-02,inactive,2023-04-17,2023-04-17 00:00:00
234,Sneha Mehta,Female,9605488525,user234@gym.com,2007-01-10,active,2023-04-22,2023-04-22 00:00:00
235,Priya Reddy,Female,9698019494,user235@gym.com,2002-12-31,inactive,2022-12-21,2022-12-21 00:00:00
236,Karthik Reddy,Female,9897218276,user236@gym.com,1996-04-05,inactive,2022-05-23,2022-05-23 00:00:00
237,Karthik Das,Male,9653231831,user237@gym.com,1988-10-10,inactive,2023-06-26,2023-06-26 00:00:00
238,Arun Iyer,Female,9677171901,user238@gym.com,2007-12-05,suspended,2023-10-21,2023-10-21 00:00:00
239,Anu Das,Male,9861695376,user239@gym.com,2007-06-27,inactive,2022-10-28,2022-10-28 00:00:00
240,Sneha Singh,Male,9628894408,user240@gym.com,1995-08-28,inactive,2022-04-05,2022-04-05 00:00:00
241,Arun Kumar,Male,9443580448,user241@gym.com,1997-12-29,suspended,2023-09-09,2023-09-09 00:00:00
242,Vikram Sharma,Male,9656831520,user242@gym.com,2009-10-10,inactive,2022-03-29,2022-03-29 00:00:00
243,Rahul Das,Female,9412927223,user243@gym.com,1993-04-12,active,2022-02-24,2022-02-24 00:00:00
244,Rahul Iyer,Male,9729098723,user244@gym.com,2008-05-03,suspended,2022-03-17,2022-03-17 00:00:00
245,Riya Mehta,Female,9668425640,user245@gym.com,2002-04-15,inactive,2022-07-26,2022-07-26 00:00:00
246,Vikram Das,Female,9586546952,user246@gym.com,1998-04-26,active,2022-12-25,2022-12-25 00:00:00
247,Riya Mehta,Female,9674114199,user247@gym.com,1995-05-02,suspended,2022-02-14,2022-02-14 00:00:00
248,Riya Patel,Female,9689228769,user248@gym.com,2006-11-25,suspended,2023-08-09,2023-08-09 00:00:00
249,Arun Kumar,Male,9608632539,user249@gym.com,2010-10-05,suspended,2024-02-18,2024-02-18 00:00:00
250,Riya Das,Female,9265417948,user250@gym.com,2005-06-05,active,2023-12-01,2023-12-01 00:00:00
251,Karthik Singh,Male,9842052405,user251@gym.com,2002-03-17,suspended,2023-05-20,2023-05-20 00:00:00
252,Anu Das,Female,9991851984,user252@gym.com,1991-07-26,suspended,2022-04-16,2022-04-16 00:00:00
253,Arun Singh,Female,9158383351,user253@gym.com,2001-04-16,suspended,2023-08-13,2023-08-13 00:00:00
254,Rahul Kumar,Male,9185792707,user254@gym.com,1995-12-05,active,2022-11-02,2022-11-02 00:00:00
255,Anu Kumar,Female,9996108721,user255@gym.com,1996-09-21,inactive,2024-04-27,2024-04-27 00:00:00
256,Arun Mehta,Female,9895828628,user256@gym.com,2001-06-14,active,2023-04-19,2023-04-19 00:00:00
257,Anu Mehta,Male,9111418310,user257@gym.com,1988-07-02,inactive,2024-08-08,2024-08-08 00:00:00
258,Priya Mehta,Male,9754221419,user258@gym.com,2005-01-02,active,2022-08-12,2022-08-12 00:00:00
259,Vikram Sharma,Female,9850536831,user259@gym.com,2008-12-12,active,2022-12-18,2022-12-18 00:00:00
260,Arun Mehta,Female,9746372273,user260@gym.com,1989-09-19,active,2022-12-08,2022-12-08 00:00:00
261,Vikram Verma,Female,9533943792,user261@gym.com,1998-06-22,active,2022-07-16,2022-07-16 00:00:00
262,Divya Mehta,Female,9574669269,user262@gym.com,2004-07-11,suspended,2024-03-02,2024-03-02 00:00:00
263,Arun Reddy,Female,9882225102,user263@gym.com,1990-12-16,suspended,2023-03-12,2023-03-12 00:00:00
264,Rahul Mehta,Female,9409113128,user264@gym.com,1988-12-07,active,2022-10-07,2022-10-07 00:00:00
265,Rahul Mehta,Male,9305054915,user265@gym.com,2001-07-08,active,2023-06-13,2023-06-13 00:00:00
266,Karthik Sharma,Male,9867105472,user266@gym.com,2009-12-10,active,2022-01-14,2022-01-14 00:00:00
267,Arun Patel,Female,9987271522,user267@gym.com,2002-08-25,active,2022-07-26,2022-07-26 00:00:00
268,Rahul Sharma,Male,9786751465,user268@gym.com,2012-05-01,active,2022-03-14,2022-03-14 00:00:00
269,Vikram Iyer,Female,9359867421,user269@gym.com,1985-05-17,inactive,2023-07-14,2023-07-14 00:00:00
270,Riya Kumar,Female,9598109836,user270@gym.com,1996-10-31,inactive,2022-11-24,2022-11-24 00:00:00
271,Sneha Sharma,Female,9250189527,user271@gym.com,1995-05-16,suspended,2022-11-18,2022-11-18 00:00:00
272,Anu Mehta,Male,9821940962,user272@gym.com,1988-11-02,inactive,2022-05-03,2022-05-03 00:00:00
273,Riya Kumar,Female,9936916619,user273@gym.com,1988-07-10,inactive,2024-07-22,2024-07-22 00:00:00
274,Sneha Das,Male,9280462939,user274@gym.com,1986-04-21,inactive,2024-04-29,2024-04-29 00:00:00
275,Riya Kumar,Male,9984307323,user275@gym.com,2001-05-31,suspended,2023-04-26,2023-04-26 00:00:00
276,Sneha Sharma,Female,9507632516,user276@gym.com,1988-04-03,active,2022-03-04,2022-03-04 00:00:00
277,Sneha Reddy,Male,9680160903,user277@gym.com,1991-07-01,active,2023-11-12,2023-11-12 00:00:00
278,Rahul Sharma,Male,9153761366,user278@gym.com,1990-09-09,inactive,2022-02-22,2022-02-22 00:00:00
279,Sneha Kumar,Female,9478138871,user279@gym.com,1991-04-20,inactive,2022-09-06,2022-09-06 00:00:00
280,Ajay Das,Female,9235963868,user280@gym.com,1992-11-07,active,2022-10-27,2022-10-27 00:00:00
281,Vikram Verma,Male,9626824280,user281@gym.com,1993-02-13,suspended,2024-08-31,2024-08-31 00:00:00
282,Divya Sharma,Male,9377617452,user282@gym.com,1998-04-15,inactive,2022-11-20,2022-11-20 00:00:00
283,Karthik Iyer,Male,9633214763,user283@gym.com,1990-04-29,inactive,2024-04-15,2024-04-15 00:00:00
284,Sneha Mehta,Male,9829165186,user284@gym.com,2005-08-04,inactive,2023-02-06,2023-02-06 00:00:00
285,Vikram Verma,Female,9192356343,user285@gym.com,1988-07-23,suspended,2022-01-18,2022-01-18 00:00:00
286,Divya Sharma,Female,9826823362,user286@gym.com,1999-02-16,suspended,2022-07-20,2022-07-20 00:00:00
287,Arun Verma,Male,9876233060,user287@gym.com,1988-04-18,active,2022-04-11,2022-04-11 00:00:00
288,Karthik Nair,Female,9483083144,user288@gym.com,2005-09-03,suspended,2022-01-31,2022-01-31 00:00:00
289,Ajay Iyer,Female,9844423060,user289@gym.com,1990-04-30,suspended,2024-09-11,2024-09-11 00:00:00
290,Arun Iyer,Male,9946713422,user290@gym.com,2011-05-31,inactive,2024-04-26,2024-04-26 00:00:00
291,Anu Das,Female,9200850193,user291@gym.com,2000-12-01,active,2022-11-30,2022-11-30 00:00:00
292,Divya Iyer,Female,9742740653,user292@gym.com,2006-10-21,inactive,2022-01-31,2022-01-31 00:00:00
293,Riya Patel,Female,9598144295,user293@gym.com,1996-01-21,active,2024-02-07,2024-02-07 00:00:00
294,Rahul Nair,Male,9983068266,user294@gym.com,2005-01-28,suspended,2023-09-15,2023-09-15 00:00:00
295,Karthik Singh,Female,9390029051,user295@gym.com,1991-07-10,active,2023-06-20,2023-06-20 00:00:00
296,Ajay Reddy,Male,9639130310,user296@gym.com,1996-04-03,active,2024-07-08,2024-07-08 00:00:00
297,Priya Singh,Female,9925914969,user297@gym.com,2008-08-04,inactive,2023-04-15,2023-04-15 00:00:00
298,Rahul Patel,Female,9870622165,user298@gym.com,2005-03-11,suspended,2023-11-17,2023-11-17 00:00:00
299,Priya Reddy,Male,9524972129,user299@gym.com,2008-06-26,suspended,2024-02-18,2024-02-18 00:00:00
300,Rahul Patel,Female,9839054348,user300@gym.com,2006-11-15,inactive,2024-07-14,2024-07-14 00:00:00
301,Vikram Das,Male,9299046325,user301@gym.com,2005-08-05,inactive,2022-06-03,2022-06-03 00:00:00
302,Rahul Sharma,Male,9156646872,user302@gym.com,2006-02-04,suspended,2024-06-09,2024-06-09 00:00:00
303,Vikram Patel,Female,9115323180,user303@gym.com,1986-12-15,suspended,2023-03-22,2023-03-22 00:00:00
304,Sneha Iyer,Female,9601766831,user304@gym.com,2007-10-23,suspended,2022-12-27,2022-12-27 00:00:00
305,Priya Kumar,Female,9591944370,user305@gym.com,1989-10-10,inactive,2023-08-22,2023-08-22 00:00:00
306,Arun Das,Male,9886615068,user306@gym.com,1985-07-22,suspended,2023-01-06,2023-01-06 00:00:00
307,Riya Patel,Female,9932268585,user307@gym.com,1995-11-19,inactive,2022-04-16,2022-04-16 00:00:00
308,Ajay Das,Female,9558247009,user308@gym.com,1998-01-14,active,2024-05-09,2024-05-09 00:00:00
309,Ajay Reddy,Female,9594908479,user309@gym.com,1993-04-24,suspended,2022-08-05,2022-08-05 00:00:00
310,Vikram Das,Male,9723425420,user310@gym.com,1991-02-15,active,2023-11-03,2023-11-03 00:00:00
311,Priya Reddy,Male,9929096283,user311@gym.com,1994-04-04,suspended,2022-06-10,2022-06-10 00:00:00
312,Ajay Das,Female,9488746127,user312@gym.com,1989-05-23,suspended,2023-04-30,2023-04-30 00:00:00
313,Sneha Sharma,Male,9641286347,user313@gym.com,2004-07-28,inactive,2023-08-19,2023-08-19 00:00:00
314,Divya Patel,Male,9319797216,user314@gym.com,1994-08-31,active,2024-04-06,2024-04-06 00:00:00
315,Rahul Reddy,Male,9671146858,user315@gym.com,2001-01-03,inactive,2023-10-18,2023-10-18 00:00:00
316,Rahul Iyer,Male,9258710675,user316@gym.com,2003-05-31,inactive,2022-06-16,2022-06-16 00:00:00
317,Rahul Kumar,Male,9398533664,user317@gym.com,1994-07-26,suspended,2022-02-13,2022-02-13 00:00:00
318,Arun Kumar,Female,9253137944,user318@gym.com,2000-09-20,active,2023-12-08,2023-12-08 00:00:00
319,Ajay Kumar,Male,9440514096,user319@gym.com,1996-08-08,active,2023-12-20,2023-12-20 00:00:00
320,Riya Reddy,Male,9441053795,user320@gym.com,1989-05-29,active,2023-03-19,2023-03-19 00:00:00
321,Karthik Iyer,Male,9382819530,user321@gym.com,1992-06-26,suspended,2024-06-04,2024-06-04 00:00:00
322,Rahul Kumar,Female,9749437156,user322@gym.com,2003-12-26,inactive,2024-01-11,2024-01-11 00:00:00
323,Karthik Iyer,Male,9976696331,user323@gym.com,2010-05-06,inactive,2024-08-08,2024-08-08 00:00:00
324,Priya Mehta,Male,9979520807,user324@gym.com,1999-03-11,active,2022-02-22,2022-02-22 00:00:00
325,Arun Nair,Female,9821095192,user325@gym.com,2009-05-21,suspended,2024-02-29,2024-02-29 00:00:00
326,Riya Sharma,Male,9375470529,user326@gym.com,2011-06-18,active,2022-10-19,2022-10-19 00:00:00
327,Rahul Patel,Male,9487294818,user327@gym.com,2002-07-12,suspended,2024-02-02,2024-02-02 00:00:00
328,Anu Iyer,Female,9323014850,user328@gym.com,2006-10-08,suspended,2022-10-01,2022-10-01 00:00:00
329,Rahul Singh,Male,9908882408,user329@gym.com,2005-03-20,suspended,2022-11-27,2022-11-27 00:00:00
330,Priya Sharma,Female,9697399994,user330@gym.com,1999-01-16,inactive,2023-01-04,2023-01-04 00:00:00
331,Priya Mehta,Female,9653105961,user331@gym.com,1997-04-04,active,2022-08-10,2022-08-10 00:00:00
332,Arun Kumar,Female,9997399880,user332@gym.com,1998-02-10,suspended,2024-03-07,2024-03-07 00:00:00
333,Priya Reddy,Male,9958313421,user333@gym.com,1996-11-24,suspended,2023-10-10,2023-10-10 00:00:00
334,Sneha Singh,Male,9565320111,user334@gym.com,2008-05-26,active,2023-05-21,2023-05-21 00:00:00
335,Vikram Sharma,Male,9782997083,user335@gym.com,2006-11-26,suspended,2023-09-11,2023-09-11 00:00:00
336,Divya Iyer,Female,9638231327,user336@gym.com,1991-02-21,inactive,2022-06-18,2022-06-18 00:00:00
337,Karthik Reddy,Female,9134679229,user337@gym.com,2010-07-05,suspended,2022-09-04,2022-09-04 00:00:00
338,Karthik Nair,Male,9624967357,user338@gym.com,1997-07-27,active,2022-03-21,2022-03-21 00:00:00
339,Rahul Kumar,Male,9175248312,user339@gym.com,1993-03-26,inactive,2024-05-21,2024-05-21 00:00:00
340,Karthik Singh,Female,9910598211,user340@gym.com,2010-08-16,active,2024-06-29,2024-06-29 00:00:00
341,Anu Verma,Male,9776190251,user341@gym.com,1996-01-23,active,2023-01-04,2023-01-04 00:00:00
342,Arun Mehta,Male,9885225793,user342@gym.com,1987-05-13,active,2024-05-28,2024-05-28 00:00:00
343,Riya Das,Male,9106560456,user343@gym.com,1991-01-19,active,2024-08-15,2024-08-15 00:00:00
344,Karthik Iyer,Male,9705738628,user344@gym.com,2007-12-03,inactive,2024-07-06,2024-07-06 00:00:00
345,Vikram Sharma,Female,9180015630,user345@gym.com,1987-08-29,suspended,2024-09-08,2024-09-08 00:00:00
346,Anu Iyer,Female,9538267563,user346@gym.com,2002-03-20,suspended,2022-08-22,2022-08-22 00:00:00
347,Anu Das,Female,9861046272,user347@gym.com,2001-11-08,suspended,2023-11-19,2023-11-19 00:00:00
348,Arun Sharma,Male,9376270250,user348@gym.com,2010-07-22,suspended,2023-03-26,2023-03-26 00:00:00
349,Sneha Nair,Female,9690491847,user349@gym.com,2000-07-24,active,2023-08-07,2023-08-07 00:00:00
350,Divya Kumar,Male,9359579388,user350@gym.com,2009-07-14,suspended,2022-10-13,2022-10-13 00:00:00
351,Divya Verma,Female,9618277108,user351@gym.com,1997-12-07,suspended,2022-10-18,2022-10-18 00:00:00
352,Anu Reddy,Male,9467388537,user352@gym.com,2000-04-06,inactive,2022-01-29,2022-01-29 00:00:00
353,Vikram Reddy,Female,9976690427,user353@gym.com,1998-07-23,active,2024-09-05,2024-09-05 00:00:00
354,Karthik Iyer,Female,9822198003,user354@gym.com,1985-09-26,suspended,2023-08-25,2023-08-25 00:00:00
355,Anu Kumar,Male,9576963214,user355@gym.com,1995-05-21,active,2023-08-07,2023-08-07 00:00:00
356,Arun Kumar,Male,9972074768,user356@gym.com,2002-10-15,inactive,2022-08-23,2022-08-23 00:00:00
357,Anu Das,Female,9627478501,user357@gym.com,1985-07-07,active,2022-11-15,2022-11-15 00:00:00
358,Riya Singh,Female,9693704731,user358@gym.com,2005-07-17,active,2023-11-19,2023-11-19 00:00:00
359,Sneha Sharma,Female,9191940115,user359@gym.com,1997-03-21,suspended,2022-07-07,2022-07-07 00:00:00
360,Rahul Mehta,Female,9211284276,user360@gym.com,1996-02-01,suspended,2023-03-14,2023-03-14 00:00:00
361,Ajay Reddy,Male,9749702798,user361@gym.com,2000-11-29,suspended,2023-07-18,2023-07-18 00:00:00
362,Priya Verma,Male,9164087021,user362@gym.com,1991-05-18,suspended,2024-02-28,2024-02-28 00:00:00
363,Priya Patel,Male,9398452632,user363@gym.com,1986-08-11,suspended,2024-08-05,2024-08-05 00:00:00
364,Sneha Verma,Male,9609742366,user364@gym.com,1997-12-26,suspended,2022-04-09,2022-04-09 00:00:00
365,Ajay Mehta,Male,9512167840,user365@gym.com,2007-02-10,active,2023-04-30,2023-04-30 00:00:00
366,Divya Kumar,Female,9182630328,user366@gym.com,1985-07-02,suspended,2024-05-08,2024-05-08 00:00:00
367,Arun Mehta,Male,9993969604,user367@gym.com,2004-05-22,active,2022-11-03,2022-11-03 00:00:00
368,Arun Iyer,Female,9203412346,user368@gym.com,1996-10-01,inactive,2023-07-12,2023-07-12 00:00:00
369,Sneha Sharma,Female,9759652098,user369@gym.com,2009-06-10,suspended,2022-05-09,2022-05-09 00:00:00
370,Arun Singh,Female,9213619141,user370@gym.com,2006-12-15,suspended,2024-06-05,2024-06-05 00:00:00
371,Priya Nair,Female,9167074902,user371@gym.com,2000-08-01,active,2024-05-21,2024-05-21 00:00:00
372,Karthik Nair,Female,9889221595,user372@gym.com,1986-10-07,suspended,2023-04-18,2023-04-18 00:00:00
373,Priya Reddy,Female,9379272158,user373@gym.com,1985-12-20,inactive,2023-10-07,2023-10-07 00:00:00
374,Karthik Nair,Male,9296573976,user374@gym.com,1989-03-07,suspended,2023-01-27,2023-01-27 00:00:00
375,Sneha Das,Female,9582242577,user375@gym.com,2000-07-13,suspended,2022-03-31,2022-03-31 00:00:00
376,Priya Mehta,Male,9914669007,user376@gym.com,2005-09-10,active,2022-03-28,2022-03-28 00:00:00
377,Rahul Mehta,Female,9537728981,user377@gym.com,1988-02-26,inactive,2024-07-15,2024-07-15 00:00:00
378,Ajay Mehta,Female,9762024712,user378@gym.com,2004-03-10,inactive,2022-01-01,2022-01-01 00:00:00
379,Arun Verma,Male,9313081445,user379@gym.com,2002-06-05,inactive,2023-01-26,2023-01-26 00:00:00
380,Riya Nair,Female,9456347331,user380@gym.com,1994-10-27,suspended,2022-11-06,2022-11-06 00:00:00
381,Sneha Mehta,Female,9979845327,user381@gym.com,1987-02-17,suspended,2022-10-01,2022-10-01 00:00:00
382,Divya Kumar,Female,9648280410,user382@gym.com,1988-02-10,active,2024-03-29,2024-03-29 00:00:00
383,Vikram Iyer,Female,9414156536,user383@gym.com,2006-04-02,active,2022-11-17,2022-11-17 00:00:00
384,Sneha Singh,Male,9548706691,user384@gym.com,1992-03-29,inactive,2024-02-24,2024-02-24 00:00:00
385,Divya Kumar,Female,9582040993,user385@gym.com,2010-08-10,suspended,2024-02-03,2024-02-03 00:00:00
386,Divya Reddy,Female,9917145793,user386@gym.com,2007-10-10,suspended,2024-01-02,2024-01-02 00:00:00
387,Ajay Iyer,Female,9357903408,user387@gym.com,1995-08-23,active,2023-12-04,2023-12-04 00:00:00
388,Rahul Sharma,Male,9700165671,user388@gym.com,1999-03-22,inactive,2023-10-17,2023-10-17 00:00:00
389,Ajay Das,Female,9953323151,user389@gym.com,2010-12-05,suspended,2024-08-23,2024-08-23 00:00:00
390,Vikram Das,Male,9911590654,user390@gym.com,1997-01-28,active,2022-03-25,2022-03-25 00:00:00
391,Arun Kumar,Male,9196279550,user391@gym.com,1987-04-01,suspended,2024-06-09,2024-06-09 00:00:00
392,Karthik Nair,Male,9875707707,user392@gym.com,2004-11-13,suspended,2024-06-29,2024-06-29 00:00:00
393,Karthik Reddy,Female,9785849307,user393@gym.com,1990-07-11,active,2023-02-08,2023-02-08 00:00:00
394,Ajay Mehta,Male,9372681597,user394@gym.com,1987-03-13,suspended,2022-03-31,2022-03-31 00:00:00
395,Anu Iyer,Female,9673243159,user395@gym.com,1990-08-11,suspended,2024-02-14,2024-02-14 00:00:00
396,Priya Iyer,Female,9844587048,user396@gym.com,1988-06-17,active,2023-06-26,2023-06-26 00:00:00
397,Ajay Patel,Female,9299242622,user397@gym.com,2002-08-08,inactive,2022-05-31,2022-05-31 00:00:00
398,Arun Das,Female,9528897802,user398@gym.com,2003-02-08,inactive,2023-09-27,2023-09-27 00:00:00
399,Rahul Nair,Male,9904876900,user399@gym.com,2004-12-26,suspended,2022-06-10,2022-06-10 00:00:00
400,Riya Das,Female,9157240425,user400@gym.com,2005-06-19,suspended,2023-05-27,2023-05-27 00:00:00
401,Divya Nair,Female,9980164995,user401@gym.com,2000-02-18,suspended,2023-12-09,2023-12-09 00:00:00
402,Ajay Patel,Female,9496463453,user402@gym.com,1993-11-07,inactive,2022-04-05,2022-04-05 00:00:00
403,Rahul Sharma,Female,9551647697,user403@gym.com,1993-01-30,inactive,2022-06-08,2022-06-08 00:00:00
404,Ajay Sharma,Male,9731207712,user404@gym.com,2002-12-27,inactive,2024-05-14,2024-05-14 00:00:00
405,Rahul Kumar,Female,9605361170,user405@gym.com,1991-04-21,inactive,2023-02-22,2023-02-22 00:00:00
406,Ajay Patel,Female,9259624345,user406@gym.com,2006-12-17,suspended,2023-03-22,2023-03-22 00:00:00
407,Arun Kumar,Female,9648492226,user407@gym.com,2000-09-14,suspended,2022-10-05,2022-10-05 00:00:00
408,Priya Nair,Male,9607455708,user408@gym.com,1994-11-13,suspended,2023-12-02,2023-12-02 00:00:00
409,Riya Iyer,Male,9546525214,user409@gym.com,1996-12-15,suspended,2023-08-29,2023-08-29 00:00:00
410,Anu Kumar,Female,9522965636,user410@gym.com,1998-11-07,suspended,2023-08-05,2023-08-05 00:00:00
411,Priya Iyer,Female,9813244437,user411@gym.com,2003-10-18,inactive,2024-02-05,2024-02-05 00:00:00
412,Arun Mehta,Female,9379535165,user412@gym.com,2011-11-11,inactive,2022-04-08,2022-04-08 00:00:00
413,Karthik Patel,Male,9264548910,user413@gym.com,2007-09-24,suspended,2022-01-04,2022-01-04 00:00:00
414,Karthik Singh,Male,9289917874,user414@gym.com,1992-09-02,active,2024-02-20,2024-02-20 00:00:00
415,Sneha Reddy,Female,9922743029,user415@gym.com,2008-02-23,active,2023-03-11,2023-03-11 00:00:00
416,Ajay Iyer,Male,9323172244,user416@gym.com,2003-10-26,suspended,2022-07-22,2022-07-22 00:00:00
417,Anu Singh,Female,9218901664,user417@gym.com,2006-06-17,suspended,2022-06-02,2022-06-02 00:00:00
418,Arun Das,Female,9893075054,user418@gym.com,2000-08-03,suspended,2023-02-27,2023-02-27 00:00:00
419,Rahul Nair,Female,9469087839,user419@gym.com,2004-03-28,active,2024-01-21,2024-01-21 00:00:00
420,Karthik Das,Female,9986849632,user420@gym.com,1994-11-01,suspended,2023-07-11,2023-07-11 00:00:00
421,Ajay Mehta,Female,9138710227,user421@gym.com,2002-03-30,suspended,2023-07-03,2023-07-03 00:00:00
422,Anu Patel,Female,9224352082,user422@gym.com,1999-01-23,active,2023-12-07,2023-12-07 00:00:00
423,Riya Reddy,Female,9365686729,user423@gym.com,1992-09-20,inactive,2022-10-21,2022-10-21 00:00:00
424,Karthik Iyer,Female,9331962050,user424@gym.com,1987-06-06,inactive,2022-08-30,2022-08-30 00:00:00
425,Karthik Singh,Male,9103941466,user425@gym.com,1997-03-01,active,2024-03-27,2024-03-27 00:00:00
426,Arun Kumar,Male,9795159375,user426@gym.com,2006-02-16,suspended,2024-05-31,2024-05-31 00:00:00
427,Divya Iyer,Female,9797171066,user427@gym.com,1986-05-11,inactive,2023-08-30,2023-08-30 00:00:00
428,Rahul Sharma,Female,9930082040,user428@gym.com,2011-01-16,inactive,2022-02-06,2022-02-06 00:00:00
429,Divya Kumar,Female,9355310731,user429@gym.com,2011-03-10,suspended,2024-09-09,2024-09-09 00:00:00
430,Riya Das,Male,9974402094,user430@gym.com,1997-12-16,active,2022-04-25,2022-04-25 00:00:00
431,Ajay Kumar,Female,9863661995,user431@gym.com,1992-04-07,inactive,2022-03-08,2022-03-08 00:00:00
432,Ajay Patel,Female,9413612134,user432@gym.com,1994-04-08,suspended,2023-10-29,2023-10-29 00:00:00
433,Rahul Das,Female,9246173664,user433@gym.com,2009-04-08,active,2022-11-16,2022-11-16 00:00:00
434,Karthik Sharma,Female,9801010662,user434@gym.com,2000-05-24,active,2024-02-06,2024-02-06 00:00:00
435,Priya Verma,Male,9810721222,user435@gym.com,2007-12-24,active,2022-09-18,2022-09-18 00:00:00
436,Arun Mehta,Female,9506294527,user436@gym.com,1997-01-23,suspended,2022-08-23,2022-08-23 00:00:00
437,Priya Kumar,Female,9672181880,user437@gym.com,1988-11-25,active,2022-12-02,2022-12-02 00:00:00
438,Rahul Verma,Female,9146894499,user438@gym.com,1988-06-10,suspended,2022-10-28,2022-10-28 00:00:00
439,Arun Mehta,Male,9284960531,user439@gym.com,1998-10-12,inactive,2023-05-17,2023-05-17 00:00:00
440,Divya Patel,Male,9848640885,user440@gym.com,2008-06-22,inactive,2024-01-01,2024-01-01 00:00:00
441,Arun Das,Male,9538966960,user441@gym.com,2003-05-13,active,2024-05-08,2024-05-08 00:00:00
442,Ajay Reddy,Female,9164874670,user442@gym.com,2003-12-09,active,2024-01-25,2024-01-25 00:00:00
443,Vikram Sharma,Female,9379434518,user443@gym.com,1990-08-23,suspended,2024-01-29,2024-01-29 00:00:00
444,Divya Kumar,Male,9496692566,user444@gym.com,2002-03-16,inactive,2024-06-03,2024-06-03 00:00:00
445,Sneha Das,Female,9678744019,user445@gym.com,1994-09-25,inactive,2022-07-20,2022-07-20 00:00:00
446,Ajay Sharma,Female,9671696653,user446@gym.com,2008-12-31,active,2024-01-27,2024-01-27 00:00:00
447,Riya Reddy,Female,9486040058,user447@gym.com,1997-07-16,suspended,2023-08-31,2023-08-31 00:00:00
448,Arun Verma,Female,9929273581,user448@gym.com,1990-02-13,suspended,2024-07-11,2024-07-11 00:00:00
449,Ajay Sharma,Female,9816112936,user449@gym.com,1995-04-07,active,2023-02-28,2023-02-28 00:00:00
450,Anu Kumar,Female,9900747944,user450@gym.com,1995-10-16,suspended,2023-12-07,2023-12-07 00:00:00
451,Arun Verma,Male,9352374818,user451@gym.com,2007-05-16,active,2023-06-27,2023-06-27 00:00:00
452,Sneha Patel,Male,9808755537,user452@gym.com,1999-05-19,suspended,2023-07-01,2023-07-01 00:00:00
453,Arun Mehta,Female,9563699848,user453@gym.com,2001-01-06,suspended,2022-05-30,2022-05-30 00:00:00
454,Divya Patel,Female,9931777743,user454@gym.com,1986-01-01,suspended,2023-09-07,2023-09-07 00:00:00
455,Arun Singh,Female,9458876928,user455@gym.com,1999-07-04,suspended,2024-08-25,2024-08-25 00:00:00
456,Priya Reddy,Female,9888337897,user456@gym.com,2000-03-27,inactive,2024-01-18,2024-01-18 00:00:00
457,Arun Nair,Female,9889476048,user457@gym.com,1993-04-26,inactive,2022-11-09,2022-11-09 00:00:00
458,Divya Nair,Female,9874458275,user458@gym.com,2001-01-14,active,2022-03-01,2022-03-01 00:00:00
459,Vikram Mehta,Male,9779836787,user459@gym.com,1991-11-07,suspended,2024-01-20,2024-01-20 00:00:00
460,Riya Das,Female,9439059865,user460@gym.com,2011-02-12,suspended,2023-04-13,2023-04-13 00:00:00
461,Ajay Iyer,Male,9412614300,user461@gym.com,2000-07-01,inactive,2022-02-13,2022-02-13 00:00:00
462,Anu Nair,Female,9973931470,user462@gym.com,2000-02-18,active,2024-05-28,2024-05-28 00:00:00
463,Anu Verma,Male,9382491375,user463@gym.com,2004-02-12,suspended,2024-09-04,2024-09-04 00:00:00
464,Riya Mehta,Female,9122306214,user464@gym.com,1992-05-26,inactive,2022-02-16,2022-02-16 00:00:00
465,Priya Reddy,Female,9983767425,user465@gym.com,1997-04-19,suspended,2022-04-14,2022-04-14 00:00:00
466,Riya Das,Female,9506859157,user466@gym.com,1995-09-13,inactive,2023-12-28,2023-12-28 00:00:00
467,Priya Sharma,Male,9643429141,user467@gym.com,1986-05-09,inactive,2023-01-10,2023-01-10 00:00:00
468,Arun Das,Male,9484910360,user468@gym.com,1985-12-30,inactive,2023-07-14,2023-07-14 00:00:00
469,Rahul Das,Female,9136527201,user469@gym.com,2008-08-09,suspended,2024-08-14,2024-08-14 00:00:00
470,Karthik Reddy,Female,9834206654,user470@gym.com,1985-12-05,suspended,2022-08-07,2022-08-07 00:00:00
471,Anu Nair,Male,9621488374,user471@gym.com,1998-09-05,inactive,2022-05-01,2022-05-01 00:00:00
472,Vikram Nair,Female,9248495147,user472@gym.com,2006-11-03,inactive,2022-02-27,2022-02-27 00:00:00
473,Riya Iyer,Female,9615860911,user473@gym.com,1991-07-22,inactive,2023-04-12,2023-04-12 00:00:00
474,Arun Mehta,Male,9257515142,user474@gym.com,1988-08-29,suspended,2024-04-12,2024-04-12 00:00:00
475,Divya Patel,Male,9387012785,user475@gym.com,1995-02-13,active,2023-10-13,2023-10-13 00:00:00
476,Riya Patel,Female,9941135558,user476@gym.com,2006-03-20,suspended,2022-09-07,2022-09-07 00:00:00
477,Rahul Nair,Female,9222682619,user477@gym.com,2000-03-13,inactive,2023-05-14,2023-05-14 00:00:00
478,Karthik Sharma,Female,9213480708,user478@gym.com,1987-09-26,inactive,2022-01-01,2022-01-01 00:00:00
479,Divya Sharma,Female,9163478584,user479@gym.com,2010-09-23,inactive,2022-01-18,2022-01-18 00:00:00
480,Arun Mehta,Male,9198449839,user480@gym.com,1995-10-06,active,2024-06-13,2024-06-13 00:00:00
481,Divya Nair,Female,9448898250,user481@gym.com,1987-08-19,inactive,2024-06-17,2024-06-17 00:00:00
482,Riya Reddy,Female,9368242164,user482@gym.com,2006-04-23,suspended,2022-08-10,2022-08-10 00:00:00
483,Arun Reddy,Female,9599878516,user483@gym.com,1997-03-27,inactive,2023-11-02,2023-11-02 00:00:00
484,Priya Nair,Female,9465681593,user484@gym.com,2003-06-07,active,2023-12-09,2023-12-09 00:00:00
485,Vikram Das,Female,9389639975,user485@gym.com,1998-06-05,active,2023-02-11,2023-02-11 00:00:00
486,Divya Reddy,Female,9303933372,user486@gym.com,2000-10-02,suspended,2024-02-07,2024-02-07 00:00:00
487,Divya Mehta,Male,9898157143,user487@gym.com,2009-11-01,active,2023-06-18,2023-06-18 00:00:00
488,Karthik Singh,Male,9687304675,user488@gym.com,1995-05-04,active,2022-02-08,2022-02-08 00:00:00
489,Arun Singh,Female,9937208180,user489@gym.com,2008-12-05,suspended,2023-04-06,2023-04-06 00:00:00
490,Anu Kumar,Male,9125638280,user490@gym.com,2006-10-11,inactive,2024-04-22,2024-04-22 00:00:00
491,Divya Nair,Male,9921166100,user491@gym.com,1995-06-08,suspended,2022-11-15,2022-11-15 00:00:00
492,Ajay Reddy,Female,9630087622,user492@gym.com,1998-03-12,suspended,2023-11-21,2023-11-21 00:00:00
493,Arun Das,Female,9824066802,user493@gym.com,1997-10-01,active,2022-01-22,2022-01-22 00:00:00
494,Karthik Das,Male,9733401694,user494@gym.com,1994-11-17,inactive,2022-02-16,2022-02-16 00:00:00
495,Vikram Reddy,Male,9340923626,user495@gym.com,1997-02-13,inactive,2022-06-05,2022-06-05 00:00:00
496,Sneha Verma,Female,9879727314,user496@gym.com,1993-12-31,inactive,2024-01-31,2024-01-31 00:00:00
497,Priya Patel,Male,9858797375,user497@gym.com,2006-08-07,suspended,2023-01-14,2023-01-14 00:00:00
498,Divya Sharma,Female,9857150524,user498@gym.com,2005-12-06,active,2024-09-19,2024-09-19 00:00:00
499,Divya Sharma,Male,9745190461,user499@gym.com,1989-09-08,inactive,2023-12-16,2023-12-16 00:00:00
500,Anu Kumar,Male,9931028186,user500@gym.com,1985-10-16,inactive,2023-09-22,2023-09-22 00:00:00
501,Priya Reddy,Male,9883159346,user501@gym.com,2008-10-06,active,2023-11-12,2023-11-12 00:00:00
502,Rahul Reddy,Male,9655562152,user502@gym.com,2004-06-25,active,2023-03-02,2023-03-02 00:00:00
503,Riya Das,Male,9470594097,user503@gym.com,2007-06-13,inactive,2023-08-09,2023-08-09 00:00:00
504,Priya Sharma,Male,9940271091,user504@gym.com,1992-01-16,active,2022-11-14,2022-11-14 00:00:00
505,Divya Patel,Female,9668411145,user505@gym.com,2001-01-02,active,2024-05-12,2024-05-12 00:00:00
506,Divya Iyer,Female,9225216919,user506@gym.com,1993-10-28,active,2024-08-27,2024-08-27 00:00:00
507,Sneha Sharma,Female,9495827151,user507@gym.com,1985-05-09,suspended,2023-09-29,2023-09-29 00:00:00
508,Ajay Sharma,Male,9349856215,user508@gym.com,2011-09-18,suspended,2022-11-01,2022-11-01 00:00:00
509,Priya Nair,Male,9609601134,user509@gym.com,1987-10-26,active,2022-06-24,2022-06-24 00:00:00
510,Rahul Kumar,Male,9422747605,user510@gym.com,1991-08-18,inactive,2022-03-17,2022-03-17 00:00:00
511,Arun Singh,Female,9330831881,user511@gym.com,1988-06-09,inactive,2023-10-25,2023-10-25 00:00:00
512,Anu Reddy,Female,9250960031,user512@gym.com,2003-03-26,suspended,2022-03-19,2022-03-19 00:00:00
513,Sneha Sharma,Female,9968772315,user513@gym.com,2000-09-19,suspended,2023-05-11,2023-05-11 00:00:00
514,Priya Patel,Male,9983286992,user514@gym.com,2000-09-23,suspended,2023-09-23,2023-09-23 00:00:00
515,Karthik Sharma,Male,9845781056,user515@gym.com,2005-03-09,active,2023-02-19,2023-02-19 00:00:00
516,Ajay Nair,Male,9435104164,user516@gym.com,2006-05-20,inactive,2022-01-04,2022-01-04 00:00:00
517,Rahul Das,Female,9976541967,user517@gym.com,2005-03-13,active,2024-06-18,2024-06-18 00:00:00
518,Ajay Iyer,Male,9996865672,user518@gym.com,1988-01-29,active,2022-02-22,2022-02-22 00:00:00
519,Riya Singh,Male,9980642284,user519@gym.com,2009-06-04,active,2024-04-28,2024-04-28 00:00:00
520,Anu Verma,Female,9118729656,user520@gym.com,1991-06-27,inactive,2024-05-30,2024-05-30 00:00:00
521,Divya Sharma,Female,9394543909,user521@gym.com,1990-09-17,suspended,2022-03-29,2022-03-29 00:00:00
522,Karthik Kumar,Female,9192867710,user522@gym.com,2006-12-03,inactive,2023-09-04,2023-09-04 00:00:00
523,Priya Iyer,Male,9610360982,user523@gym.com,1992-03-08,inactive,2022-11-22,2022-11-22 00:00:00
524,Karthik Patel,Male,9700404893,user524@gym.com,1996-05-22,inactive,2023-06-12,2023-06-12 00:00:00
525,Karthik Verma,Male,9735210135,user525@gym.com,1993-10-22,inactive,2022-03-22,2022-03-22 00:00:00
526,Riya Kumar,Female,9894421172,user526@gym.com,1995-05-12,inactive,2022-11-12,2022-11-12 00:00:00
527,Divya Das,Male,9346013869,user527@gym.com,2010-01-11,suspended,2024-09-07,2024-09-07 00:00:00
528,Karthik Reddy,Male,9308121347,user528@gym.com,1990-03-10,inactive,2022-06-24,2022-06-24 00:00:00
529,Karthik Mehta,Female,9184913845,user529@gym.com,2009-09-12,suspended,2024-08-05,2024-08-05 00:00:00
530,Sneha Patel,Male,9967722447,user530@gym.com,2007-07-20,suspended,2022-11-19,2022-11-19 00:00:00
531,Arun Mehta,Male,9616424398,user531@gym.com,2001-08-22,suspended,2024-09-09,2024-09-09 00:00:00
532,Vikram Iyer,Male,9158627155,user532@gym.com,2002-05-10,active,2023-02-06,2023-02-06 00:00:00
533,Anu Verma,Female,9917778531,user533@gym.com,2009-03-21,suspended,2023-03-01,2023-03-01 00:00:00
534,Arun Patel,Male,9129991693,user534@gym.com,2003-12-04,active,2022-08-26,2022-08-26 00:00:00
535,Riya Das,Male,9947091971,user535@gym.com,2005-07-10,inactive,2022-05-31,2022-05-31 00:00:00
536,Anu Nair,Male,9727712473,user536@gym.com,2003-02-16,active,2023-06-24,2023-06-24 00:00:00
537,Karthik Reddy,Male,9744520225,user537@gym.com,1987-08-10,suspended,2023-10-16,2023-10-16 00:00:00
538,Anu Das,Male,9685411310,user538@gym.com,1985-02-02,suspended,2022-08-12,2022-08-12 00:00:00
539,Karthik Reddy,Female,9145183753,user539@gym.com,1990-08-23,inactive,2022-02-23,2022-02-23 00:00:00
540,Rahul Singh,Female,9335371161,user540@gym.com,1995-01-29,inactive,2023-12-11,2023-12-11 00:00:00
541,Priya Verma,Male,9289170647,user541@gym.com,1999-09-23,inactive,2023-09-11,2023-09-11 00:00:00
542,Vikram Reddy,Female,9943507171,user542@gym.com,1997-07-09,suspended,2023-09-10,2023-09-10 00:00:00
543,Ajay Sharma,Female,9921529981,user543@gym.com,1985-04-08,active,2022-01-16,2022-01-16 00:00:00
544,Riya Verma,Male,9492490579,user544@gym.com,1985-08-03,inactive,2023-04-13,2023-04-13 00:00:00
545,Rahul Verma,Male,9348897080,user545@gym.com,1988-05-24,active,2023-10-10,2023-10-10 00:00:00
546,Riya Verma,Male,9179214077,user546@gym.com,2000-05-10,suspended,2022-02-17,2022-02-17 00:00:00
547,Riya Mehta,Male,9915632630,user547@gym.com,1993-09-22,suspended,2023-05-05,2023-05-05 00:00:00
548,Priya Kumar,Male,9584846445,user548@gym.com,2004-06-13,active,2023-01-06,2023-01-06 00:00:00
549,Sneha Das,Male,9755407541,user549@gym.com,2005-08-18,active,2022-04-23,2022-04-23 00:00:00
550,Rahul Sharma,Male,9499829622,user550@gym.com,2007-09-29,active,2023-12-04,2023-12-04 00:00:00
551,Ajay Patel,Male,9791073311,user551@gym.com,2009-04-08,active,2024-05-06,2024-05-06 00:00:00
552,Riya Kumar,Male,9113277281,user552@gym.com,2006-10-17,active,2023-08-30,2023-08-30 00:00:00
553,Vikram Mehta,Female,9798505129,user553@gym.com,1994-01-14,suspended,2023-02-19,2023-02-19 00:00:00
554,Ajay Mehta,Male,9514935524,user554@gym.com,2008-11-17,active,2023-09-29,2023-09-29 00:00:00
555,Arun Mehta,Male,9298973193,user555@gym.com,1986-10-22,active,2022-10-15,2022-10-15 00:00:00
556,Rahul Nair,Female,9533578604,user556@gym.com,2002-02-15,inactive,2022-04-08,2022-04-08 00:00:00
557,Divya Sharma,Male,9656979802,user557@gym.com,1998-11-02,active,2023-05-31,2023-05-31 00:00:00
558,Divya Kumar,Male,9601451001,user558@gym.com,1997-07-14,suspended,2022-01-29,2022-01-29 00:00:00
559,Sneha Patel,Female,9498031659,user559@gym.com,2002-08-13,active,2023-04-30,2023-04-30 00:00:00
560,Priya Singh,Male,9561421352,user560@gym.com,1989-02-07,inactive,2022-01-27,2022-01-27 00:00:00
561,Anu Patel,Male,9212654737,user561@gym.com,1998-06-06,suspended,2023-11-04,2023-11-04 00:00:00
562,Sneha Das,Female,9172292004,user562@gym.com,2001-05-11,suspended,2022-09-10,2022-09-10 00:00:00
563,Karthik Mehta,Male,9194692427,user563@gym.com,2011-05-02,active,2022-06-20,2022-06-20 00:00:00
564,Arun Reddy,Female,9631500985,user564@gym.com,1996-10-21,active,2022-05-30,2022-05-30 00:00:00
565,Divya Singh,Male,9449985368,user565@gym.com,1994-09-20,suspended,2024-05-03,2024-05-03 00:00:00
566,Karthik Singh,Male,9368268700,user566@gym.com,2008-09-28,suspended,2024-07-07,2024-07-07 00:00:00
567,Ajay Patel,Female,9819434871,user567@gym.com,2005-05-13,inactive,2023-05-20,2023-05-20 00:00:00
568,Riya Sharma,Female,9431318955,user568@gym.com,1990-07-28,active,2023-04-19,2023-04-19 00:00:00
569,Priya Reddy,Female,9381210169,user569@gym.com,1988-07-28,active,2022-04-29,2022-04-29 00:00:00
570,Sneha Das,Female,9107094091,user570@gym.com,1990-01-07,inactive,2022-06-05,2022-06-05 00:00:00
571,Anu Mehta,Male,9154526354,user571@gym.com,2000-03-29,active,2022-08-22,2022-08-22 00:00:00
572,Sneha Das,Female,9469365648,user572@gym.com,2003-04-29,suspended,2022-09-21,2022-09-21 00:00:00
573,Rahul Iyer,Female,9713727707,user573@gym.com,2010-03-16,inactive,2023-06-30,2023-06-30 00:00:00
574,Priya Mehta,Male,9645180039,user574@gym.com,1999-02-17,suspended,2022-12-08,2022-12-08 00:00:00
575,Arun Das,Female,9272703759,user575@gym.com,2011-08-11,suspended,2023-12-06,2023-12-06 00:00:00
576,Karthik Sharma,Male,9100042728,user576@gym.com,1998-11-09,suspended,2024-09-19,2024-09-19 00:00:00
577,Divya Singh,Male,9487476167,user577@gym.com,1994-07-13,inactive,2024-04-01,2024-04-01 00:00:00
578,Vikram Singh,Female,9530654319,user578@gym.com,1996-11-21,suspended,2023-04-14,2023-04-14 00:00:00
579,Karthik Das,Male,9325944461,user579@gym.com,1993-03-01,suspended,2023-12-09,2023-12-09 00:00:00
580,Anu Iyer,Female,9999522906,user580@gym.com,1999-12-02,suspended,2022-09-24,2022-09-24 00:00:00
581,Ajay Nair,Female,9200736936,user581@gym.com,1991-01-04,active,2022-01-24,2022-01-24 00:00:00
582,Karthik Nair,Female,9184166506,user582@gym.com,2007-02-24,active,2023-04-17,2023-04-17 00:00:00
583,Divya Nair,Male,9462072730,user583@gym.com,1994-04-22,suspended,2023-06-06,2023-06-06 00:00:00
584,Rahul Iyer,Female,9616739057,user584@gym.com,1986-03-03,active,2024-08-06,2024-08-06 00:00:00
585,Rahul Nair,Female,9677687073,user585@gym.com,1991-07-13,active,2024-01-04,2024-01-04 00:00:00
586,Rahul Iyer,Male,9872123875,user586@gym.com,1996-09-19,suspended,2022-05-07,2022-05-07 00:00:00
587,Vikram Mehta,Male,9411449814,user587@gym.com,2007-03-02,suspended,2024-06-11,2024-06-11 00:00:00
588,Vikram Das,Female,9537163230,user588@gym.com,1993-07-04,suspended,2022-12-27,2022-12-27 00:00:00
589,Priya Nair,Female,9459124319,user589@gym.com,2002-09-24,suspended,2022-04-09,2022-04-09 00:00:00
590,Divya Iyer,Female,9431922759,user590@gym.com,2010-02-17,active,2023-10-13,2023-10-13 00:00:00
591,Anu Iyer,Male,9711904757,user591@gym.com,2005-07-26,suspended,2024-06-12,2024-06-12 00:00:00
592,Rahul Das,Male,9766593145,user592@gym.com,1996-08-21,inactive,2023-04-09,2023-04-09 00:00:00
593,Divya Singh,Female,9688802372,user593@gym.com,1990-08-07,active,2024-01-02,2024-01-02 00:00:00
594,Rahul Verma,Male,9735818736,user594@gym.com,2006-12-27,active,2024-05-10,2024-05-10 00:00:00
595,Divya Sharma,Female,9690192184,user595@gym.com,2010-07-26,inactive,2022-09-16,2022-09-16 00:00:00
596,Karthik Verma,Female,9877747094,user596@gym.com,1996-06-05,inactive,2022-04-26,2022-04-26 00:00:00
597,Arun Kumar,Male,9635065151,user597@gym.com,1996-06-17,inactive,2022-02-20,2022-02-20 00:00:00
598,Karthik Nair,Female,9521298167,user598@gym.com,2001-11-12,suspended,2022-02-18,2022-02-18 00:00:00
599,Sneha Mehta,Female,9634619337,user599@gym.com,2009-07-14,inactive,2022-09-29,2022-09-29 00:00:00
600,Sneha Singh,Female,9161969371,user600@gym.com,2009-09-12,suspended,2024-03-05,2024-03-05 00:00:00
601,Riya Mehta,Male,9622378441,user601@gym.com,1990-04-26,inactive,2022-04-21,2022-04-21 00:00:00
602,Karthik Patel,Male,9962899722,user602@gym.com,2005-01-26,suspended,2022-10-08,2022-10-08 00:00:00
603,Sneha Sharma,Female,9431938504,user603@gym.com,2000-04-07,active,2024-03-12,2024-03-12 00:00:00
604,Priya Iyer,Female,9806143204,user604@gym.com,1995-06-21,active,2023-09-23,2023-09-23 00:00:00
605,Divya Sharma,Male,9285761970,user605@gym.com,1992-09-08,active,2024-01-21,2024-01-21 00:00:00
606,Anu Iyer,Female,9288535722,user606@gym.com,2000-08-02,suspended,2023-08-23,2023-08-23 00:00:00
607,Priya Sharma,Female,9317784359,user607@gym.com,1996-05-08,active,2024-05-05,2024-05-05 00:00:00
608,Priya Kumar,Male,9636386064,user608@gym.com,1994-04-21,active,2023-03-05,2023-03-05 00:00:00
609,Ajay Nair,Female,9731938446,user609@gym.com,2002-02-26,suspended,2022-07-09,2022-07-09 00:00:00
610,Vikram Sharma,Female,9368720764,user610@gym.com,1998-04-09,inactive,2022-12-13,2022-12-13 00:00:00
611,Divya Das,Female,9694324930,user611@gym.com,1995-07-09,inactive,2024-05-26,2024-05-26 00:00:00
612,Priya Reddy,Male,9170302912,user612@gym.com,2002-04-18,suspended,2023-05-29,2023-05-29 00:00:00
613,Ajay Kumar,Female,9957744330,user613@gym.com,1987-03-19,suspended,2022-07-07,2022-07-07 00:00:00
614,Sneha Mehta,Female,9742707906,user614@gym.com,2005-06-18,active,2024-07-24,2024-07-24 00:00:00
615,Sneha Nair,Female,9605219845,user615@gym.com,1986-02-06,suspended,2024-08-09,2024-08-09 00:00:00
616,Rahul Verma,Female,9381524048,user616@gym.com,1992-04-13,suspended,2024-03-21,2024-03-21 00:00:00
617,Karthik Mehta,Female,9579145911,user617@gym.com,1992-06-05,suspended,2023-03-29,2023-03-29 00:00:00
618,Rahul Mehta,Female,9172273007,user618@gym.com,2002-07-14,active,2022-11-23,2022-11-23 00:00:00
619,Riya Mehta,Male,9729580163,user619@gym.com,1997-08-27,suspended,2023-10-22,2023-10-22 00:00:00
620,Karthik Verma,Male,9509649931,user620@gym.com,1991-05-30,suspended,2023-07-03,2023-07-03 00:00:00
621,Divya Patel,Female,9263237070,user621@gym.com,1998-08-23,inactive,2023-02-16,2023-02-16 00:00:00
622,Priya Verma,Male,9967822836,user622@gym.com,2001-12-31,suspended,2023-08-03,2023-08-03 00:00:00
623,Riya Reddy,Male,9649716623,user623@gym.com,2001-11-11,active,2024-08-17,2024-08-17 00:00:00
624,Vikram Kumar,Female,9955779740,user624@gym.com,1993-07-26,inactive,2023-05-26,2023-05-26 00:00:00
625,Sneha Reddy,Female,9490696958,user625@gym.com,2000-10-05,suspended,2022-12-30,2022-12-30 00:00:00
626,Divya Mehta,Female,9807979195,user626@gym.com,2011-02-26,active,2023-04-24,2023-04-24 00:00:00
627,Vikram Kumar,Female,9796383719,user627@gym.com,2003-04-30,suspended,2022-02-04,2022-02-04 00:00:00
628,Rahul Singh,Male,9200421373,user628@gym.com,2006-06-12,active,2022-09-02,2022-09-02 00:00:00
629,Ajay Reddy,Male,9184637286,user629@gym.com,1993-10-27,active,2022-02-24,2022-02-24 00:00:00
630,Priya Sharma,Female,9106848489,user630@gym.com,2003-12-12,inactive,2023-09-18,2023-09-18 00:00:00
631,Karthik Reddy,Male,9427558096,user631@gym.com,2003-11-07,inactive,2023-04-15,2023-04-15 00:00:00
632,Ajay Das,Female,9999521890,user632@gym.com,1990-10-11,inactive,2024-08-26,2024-08-26 00:00:00
633,Vikram Iyer,Female,9122657719,user633@gym.com,2001-05-02,active,2022-06-04,2022-06-04 00:00:00
634,Karthik Das,Female,9946623832,user634@gym.com,1988-05-29,active,2023-03-22,2023-03-22 00:00:00
635,Karthik Mehta,Male,9414601481,user635@gym.com,1990-11-28,inactive,2023-11-04,2023-11-04 00:00:00
636,Vikram Kumar,Female,9388006993,user636@gym.com,1992-05-23,inactive,2023-11-10,2023-11-10 00:00:00
637,Sneha Kumar,Female,9338607154,user637@gym.com,2005-12-31,active,2022-10-29,2022-10-29 00:00:00
638,Rahul Das,Male,9541884734,user638@gym.com,2005-07-07,active,2023-04-15,2023-04-15 00:00:00
639,Vikram Reddy,Female,9413194700,user639@gym.com,1997-10-17,inactive,2024-06-08,2024-06-08 00:00:00
640,Anu Kumar,Female,9190398993,user640@gym.com,1995-12-28,suspended,2023-04-19,2023-04-19 00:00:00
641,Vikram Sharma,Female,9715043156,user641@gym.com,1990-03-31,suspended,2023-01-26,2023-01-26 00:00:00
642,Sneha Mehta,Male,9862740680,user642@gym.com,2010-05-31,inactive,2022-01-19,2022-01-19 00:00:00
643,Anu Sharma,Male,9621217226,user643@gym.com,2002-03-05,active,2022-01-06,2022-01-06 00:00:00
644,Priya Nair,Male,9555659133,user644@gym.com,2011-11-13,suspended,2024-04-26,2024-04-26 00:00:00
645,Rahul Nair,Male,9192702953,user645@gym.com,2009-12-07,active,2022-02-02,2022-02-02 00:00:00
646,Ajay Iyer,Male,9272465773,user646@gym.com,1990-06-06,active,2023-09-06,2023-09-06 00:00:00
647,Rahul Verma,Female,9815646159,user647@gym.com,1990-11-23,suspended,2023-06-13,2023-06-13 00:00:00
648,Divya Nair,Male,9235227593,user648@gym.com,1988-04-13,suspended,2023-09-19,2023-09-19 00:00:00
649,Riya Das,Female,9310177126,user649@gym.com,1988-06-25,suspended,2023-02-23,2023-02-23 00:00:00
650,Divya Reddy,Female,9954746073,user650@gym.com,2001-06-22,active,2022-06-17,2022-06-17 00:00:00
651,Ajay Verma,Male,9439508123,user651@gym.com,2011-02-09,active,2024-02-09,2024-02-09 00:00:00
652,Arun Das,Male,9315286651,user652@gym.com,1998-01-17,suspended,2022-09-03,2022-09-03 00:00:00
653,Riya Verma,Female,9279882876,user653@gym.com,1997-01-07,inactive,2024-01-02,2024-01-02 00:00:00
654,Rahul Patel,Female,9886216588,user654@gym.com,2002-10-13,inactive,2022-06-26,2022-06-26 00:00:00
655,Divya Verma,Female,9654763287,user655@gym.com,1991-08-12,suspended,2023-09-27,2023-09-27 00:00:00
656,Sneha Singh,Male,9104724823,user656@gym.com,2009-02-05,suspended,2023-04-12,2023-04-12 00:00:00
657,Ajay Singh,Female,9976067335,user657@gym.com,2003-01-11,suspended,2023-09-14,2023-09-14 00:00:00
658,Ajay Sharma,Male,9244006784,user658@gym.com,1994-12-28,suspended,2022-08-03,2022-08-03 00:00:00
659,Ajay Das,Male,9289684479,user659@gym.com,1999-08-30,suspended,2023-11-11,2023-11-11 00:00:00
660,Vikram Reddy,Male,9760919574,user660@gym.com,1985-10-13,inactive,2022-01-19,2022-01-19 00:00:00
661,Divya Iyer,Female,9585304705,user661@gym.com,2012-04-07,active,2022-07-17,2022-07-17 00:00:00
662,Vikram Reddy,Female,9305082288,user662@gym.com,2009-10-25,suspended,2023-03-31,2023-03-31 00:00:00
663,Divya Mehta,Male,9997310992,user663@gym.com,2005-09-15,inactive,2023-01-15,2023-01-15 00:00:00
664,Karthik Sharma,Male,9648771338,user664@gym.com,1994-01-12,suspended,2022-03-18,2022-03-18 00:00:00
665,Priya Das,Female,9761111184,user665@gym.com,2003-07-07,suspended,2023-10-02,2023-10-02 00:00:00
666,Riya Singh,Male,9260951803,user666@gym.com,1995-04-23,inactive,2022-12-11,2022-12-11 00:00:00
667,Sneha Mehta,Female,9376174059,user667@gym.com,1994-03-05,active,2023-05-03,2023-05-03 00:00:00
668,Karthik Das,Male,9602424981,user668@gym.com,2006-10-12,active,2024-01-23,2024-01-23 00:00:00
669,Priya Das,Female,9150947961,user669@gym.com,1990-04-09,suspended,2023-11-03,2023-11-03 00:00:00
670,Rahul Singh,Female,9652963161,user670@gym.com,1996-11-22,inactive,2023-10-13,2023-10-13 00:00:00
671,Vikram Kumar,Female,9770602942,user671@gym.com,2003-02-17,inactive,2024-08-02,2024-08-02 00:00:00
672,Rahul Kumar,Female,9513753510,user672@gym.com,1998-05-15,active,2023-02-03,2023-02-03 00:00:00
673,Priya Verma,Female,9968318985,user673@gym.com,2002-06-01,active,2022-11-14,2022-11-14 00:00:00
674,Karthik Mehta,Male,9212646750,user674@gym.com,1985-10-22,active,2024-08-17,2024-08-17 00:00:00
675,Arun Verma,Female,9181268337,user675@gym.com,1990-10-06,suspended,2022-11-23,2022-11-23 00:00:00
676,Vikram Mehta,Male,9403394214,user676@gym.com,1987-04-19,active,2022-04-03,2022-04-03 00:00:00
677,Anu Nair,Male,9181678051,user677@gym.com,1991-09-01,active,2023-10-31,2023-10-31 00:00:00
678,Sneha Iyer,Male,9147084430,user678@gym.com,2009-03-27,inactive,2024-08-16,2024-08-16 00:00:00
679,Anu Das,Female,9815361425,user679@gym.com,1988-06-09,active,2022-09-08,2022-09-08 00:00:00
680,Priya Iyer,Female,9709238130,user680@gym.com,2012-01-08,suspended,2022-03-09,2022-03-09 00:00:00
681,Anu Reddy,Male,9224492913,user681@gym.com,1991-12-20,inactive,2022-07-26,2022-07-26 00:00:00
682,Vikram Das,Male,9982153528,user682@gym.com,2002-11-21,inactive,2022-09-18,2022-09-18 00:00:00
683,Riya Patel,Female,9811531370,user683@gym.com,2007-11-03,inactive,2023-01-29,2023-01-29 00:00:00
684,Divya Kumar,Female,9686897530,user684@gym.com,2001-02-15,active,2024-06-23,2024-06-23 00:00:00
685,Priya Mehta,Male,9676122423,user685@gym.com,2000-11-29,active,2022-06-08,2022-06-08 00:00:00
686,Anu Nair,Male,9580367787,user686@gym.com,1987-03-15,inactive,2023-07-26,2023-07-26 00:00:00
687,Ajay Singh,Male,9840864028,user687@gym.com,1986-11-16,suspended,2022-02-02,2022-02-02 00:00:00
688,Arun Das,Male,9127351434,user688@gym.com,1997-07-06,active,2024-06-30,2024-06-30 00:00:00
689,Vikram Singh,Female,9324701348,user689@gym.com,1998-04-05,active,2022-08-25,2022-08-25 00:00:00
690,Ajay Iyer,Female,9205846033,user690@gym.com,1989-02-13,active,2023-09-23,2023-09-23 00:00:00
691,Priya Singh,Female,9947103802,user691@gym.com,2004-10-24,active,2023-03-27,2023-03-27 00:00:00
692,Divya Verma,Male,9839833567,user692@gym.com,2003-07-05,inactive,2022-10-13,2022-10-13 00:00:00
693,Vikram Nair,Female,9718046925,user693@gym.com,1986-10-25,inactive,2023-09-25,2023-09-25 00:00:00
694,Ajay Patel,Male,9656152384,user694@gym.com,1997-08-12,inactive,2022-12-13,2022-12-13 00:00:00
695,Priya Sharma,Female,9703140830,user695@gym.com,1990-05-26,inactive,2024-02-19,2024-02-19 00:00:00
696,Ajay Patel,Male,9408068832,user696@gym.com,2003-04-06,active,2022-03-05,2022-03-05 00:00:00
697,Priya Verma,Male,9461245824,user697@gym.com,2010-04-18,suspended,2022-08-22,2022-08-22 00:00:00
698,Riya Singh,Male,9505390719,user698@gym.com,2000-05-25,active,2022-03-31,2022-03-31 00:00:00
699,Priya Patel,Female,9851646986,user699@gym.com,2005-02-03,active,2023-10-02,2023-10-02 00:00:00
700,Priya Kumar,Female,9712119514,user700@gym.com,2012-03-09,active,2023-12-28,2023-12-28 00:00:00
701,Rahul Patel,Female,9370114187,user701@gym.com,1997-07-02,suspended,2023-08-24,2023-08-24 00:00:00
702,Riya Singh,Female,9588650005,user702@gym.com,1987-05-07,active,2022-07-09,2022-07-09 00:00:00
703,Anu Patel,Female,9635141188,user703@gym.com,1993-03-23,suspended,2022-08-30,2022-08-30 00:00:00
704,Divya Das,Male,9599251965,user704@gym.com,2007-12-29,active,2022-07-08,2022-07-08 00:00:00
705,Priya Verma,Female,9362232727,user705@gym.com,1995-01-07,inactive,2023-03-26,2023-03-26 00:00:00
706,Ajay Sharma,Male,9857638656,user706@gym.com,1989-01-27,suspended,2022-01-01,2022-01-01 00:00:00
707,Rahul Nair,Male,9827579016,user707@gym.com,2005-07-02,suspended,2022-07-04,2022-07-04 00:00:00
708,Priya Sharma,Female,9548315974,user708@gym.com,1995-05-16,suspended,2022-03-05,2022-03-05 00:00:00
709,Ajay Singh,Female,9580534962,user709@gym.com,2008-04-02,suspended,2024-01-09,2024-01-09 00:00:00
710,Ajay Verma,Male,9758530924,user710@gym.com,2006-02-01,inactive,2024-04-03,2024-04-03 00:00:00
711,Riya Nair,Female,9690676017,user711@gym.com,2004-05-11,suspended,2022-10-08,2022-10-08 00:00:00
712,Riya Iyer,Male,9499564849,user712@gym.com,2002-12-22,suspended,2022-05-10,2022-05-10 00:00:00
713,Priya Mehta,Male,9642298833,user713@gym.com,1992-04-19,active,2022-01-04,2022-01-04 00:00:00
714,Ajay Verma,Female,9234015036,user714@gym.com,1991-07-10,active,2024-08-09,2024-08-09 00:00:00
715,Ajay Patel,Male,9634290273,user715@gym.com,2001-09-20,inactive,2024-05-28,2024-05-28 00:00:00
716,Karthik Verma,Male,9791761247,user716@gym.com,2003-12-20,suspended,2022-04-28,2022-04-28 00:00:00
717,Divya Iyer,Male,9785708861,user717@gym.com,2007-05-21,active,2023-02-11,2023-02-11 00:00:00
718,Vikram Iyer,Male,9278412506,user718@gym.com,1986-03-21,inactive,2022-10-13,2022-10-13 00:00:00
719,Sneha Singh,Male,9567719087,user719@gym.com,2009-06-15,active,2022-05-25,2022-05-25 00:00:00
720,Karthik Mehta,Female,9649036334,user720@gym.com,1987-08-01,suspended,2024-03-19,2024-03-19 00:00:00
721,Priya Singh,Female,9314617362,user721@gym.com,2004-10-22,inactive,2024-04-27,2024-04-27 00:00:00
722,Arun Mehta,Male,9953358050,user722@gym.com,1986-04-11,inactive,2022-08-27,2022-08-27 00:00:00
723,Riya Mehta,Female,9128942649,user723@gym.com,1986-11-22,active,2024-08-06,2024-08-06 00:00:00
724,Sneha Nair,Male,9212946297,user724@gym.com,2012-01-17,active,2022-12-13,2022-12-13 00:00:00
725,Ajay Verma,Female,9279264580,user725@gym.com,2011-01-29,inactive,2022-10-22,2022-10-22 00:00:00
726,Priya Kumar,Male,9293492669,user726@gym.com,1989-01-30,inactive,2024-07-13,2024-07-13 00:00:00
727,Sneha Das,Female,9157690737,user727@gym.com,2012-04-22,suspended,2023-08-16,2023-08-16 00:00:00
728,Divya Kumar,Male,9948504558,user728@gym.com,2011-12-14,active,2023-03-26,2023-03-26 00:00:00
729,Karthik Das,Female,9203530632,user729@gym.com,1993-05-03,inactive,2022-09-29,2022-09-29 00:00:00
730,Karthik Das,Female,9687145158,user730@gym.com,2007-01-14,active,2023-10-05,2023-10-05 00:00:00
731,Anu Patel,Female,9299549197,user731@gym.com,1994-07-01,suspended,2022-02-22,2022-02-22 00:00:00
732,Priya Mehta,Female,9103886054,user732@gym.com,1990-12-23,suspended,2023-12-01,2023-12-01 00:00:00
733,Priya Das,Male,9532188065,user733@gym.com,2002-05-16,active,2024-08-20,2024-08-20 00:00:00
734,Ajay Iyer,Female,9964550356,user734@gym.com,1990-03-28,inactive,2023-08-24,2023-08-24 00:00:00
735,Riya Reddy,Male,9343013021,user735@gym.com,2009-02-28,inactive,2023-11-07,2023-11-07 00:00:00
736,Arun Das,Female,9759352001,user736@gym.com,1997-12-27,active,2024-04-16,2024-04-16 00:00:00
737,Anu Verma,Male,9581764470,user737@gym.com,1989-05-31,suspended,2022-02-17,2022-02-17 00:00:00
738,Riya Iyer,Female,9875771065,user738@gym.com,1996-05-23,active,2022-02-04,2022-02-04 00:00:00
739,Ajay Nair,Male,9680842786,user739@gym.com,1987-01-16,inactive,2024-05-20,2024-05-20 00:00:00
740,Karthik Das,Male,9708647418,user740@gym.com,1997-05-10,inactive,2024-06-02,2024-06-02 00:00:00
741,Vikram Singh,Female,9502124394,user741@gym.com,1990-04-12,active,2023-07-19,2023-07-19 00:00:00
742,Priya Singh,Male,9578891960,user742@gym.com,1994-04-26,active,2022-01-04,2022-01-04 00:00:00
743,Priya Singh,Female,9672804191,user743@gym.com,1998-04-27,inactive,2023-09-25,2023-09-25 00:00:00
744,Vikram Nair,Male,9972224510,user744@gym.com,1997-11-11,active,2023-12-31,2023-12-31 00:00:00
745,Rahul Mehta,Female,9734673897,user745@gym.com,2011-03-04,suspended,2022-06-29,2022-06-29 00:00:00
746,Arun Singh,Female,9333036131,user746@gym.com,1987-03-11,inactive,2024-01-11,2024-01-11 00:00:00
747,Karthik Sharma,Male,9800026523,user747@gym.com,2005-02-27,inactive,2022-02-01,2022-02-01 00:00:00
748,Vikram Singh,Male,9895430471,user748@gym.com,2008-02-28,inactive,2023-06-02,2023-06-02 00:00:00
749,Riya Sharma,Male,9845499080,user749@gym.com,2001-12-21,suspended,2023-05-31,2023-05-31 00:00:00
750,Rahul Reddy,Female,9151787579,user750@gym.com,2005-08-02,suspended,2024-03-20,2024-03-20 00:00:00
751,Divya Patel,Male,9646135404,user751@gym.com,2011-07-07,active,2024-06-08,2024-06-08 00:00:00
752,Arun Singh,Male,9943468612,user752@gym.com,2009-02-12,inactive,2023-09-26,2023-09-26 00:00:00
753,Anu Kumar,Female,9658669901,user753@gym.com,1986-04-29,active,2023-11-14,2023-11-14 00:00:00
754,Sneha Sharma,Female,9601723379,user754@gym.com,1991-08-27,inactive,2024-06-06,2024-06-06 00:00:00
755,Karthik Iyer,Male,9374017736,user755@gym.com,2004-06-22,inactive,2024-09-22,2024-09-22 00:00:00
756,Rahul Kumar,Female,9242684484,user756@gym.com,1992-04-01,active,2024-05-14,2024-05-14 00:00:00
757,Priya Das,Male,9166437551,user757@gym.com,1992-08-31,suspended,2024-02-05,2024-02-05 00:00:00
758,Vikram Patel,Female,9100608019,user758@gym.com,2011-09-10,inactive,2023-03-31,2023-03-31 00:00:00
759,Sneha Patel,Female,9606252699,user759@gym.com,2007-01-14,active,2023-07-31,2023-07-31 00:00:00
760,Vikram Nair,Female,9383776631,user760@gym.com,1990-06-15,active,2022-02-12,2022-02-12 00:00:00
761,Rahul Verma,Male,9470880919,user761@gym.com,1997-01-27,suspended,2024-07-01,2024-07-01 00:00:00
762,Divya Singh,Male,9303821191,user762@gym.com,1992-04-21,suspended,2023-12-29,2023-12-29 00:00:00
763,Rahul Nair,Male,9530512217,user763@gym.com,1992-07-02,active,2022-04-29,2022-04-29 00:00:00
764,Karthik Das,Female,9771208600,user764@gym.com,2001-05-13,suspended,2022-03-11,2022-03-11 00:00:00
765,Sneha Singh,Female,9556446912,user765@gym.com,2000-06-23,inactive,2022-08-12,2022-08-12 00:00:00
766,Rahul Nair,Female,9367211277,user766@gym.com,1993-12-11,inactive,2023-06-25,2023-06-25 00:00:00
767,Ajay Singh,Male,9378021315,user767@gym.com,2006-06-22,inactive,2024-01-19,2024-01-19 00:00:00
768,Rahul Singh,Female,9389777046,user768@gym.com,1997-07-16,active,2024-03-29,2024-03-29 00:00:00
769,Divya Reddy,Female,9610916744,user769@gym.com,1994-05-26,active,2023-11-09,2023-11-09 00:00:00
770,Priya Singh,Male,9336470617,user770@gym.com,1987-11-12,inactive,2024-01-20,2024-01-20 00:00:00
771,Arun Das,Male,9385975360,user771@gym.com,1992-06-17,inactive,2022-06-27,2022-06-27 00:00:00
772,Divya Singh,Male,9483422785,user772@gym.com,1999-06-13,suspended,2023-10-05,2023-10-05 00:00:00
773,Ajay Verma,Male,9266850445,user773@gym.com,2002-01-01,active,2023-09-10,2023-09-10 00:00:00
774,Sneha Reddy,Female,9818751392,user774@gym.com,1992-05-09,suspended,2022-03-28,2022-03-28 00:00:00
775,Priya Das,Male,9733398142,user775@gym.com,2010-06-09,suspended,2024-03-16,2024-03-16 00:00:00
776,Sneha Singh,Male,9532120960,user776@gym.com,2005-06-21,inactive,2023-02-06,2023-02-06 00:00:00
777,Karthik Iyer,Male,9236092373,user777@gym.com,1987-10-03,inactive,2023-01-26,2023-01-26 00:00:00
778,Vikram Das,Female,9898023650,user778@gym.com,2000-08-08,suspended,2022-03-03,2022-03-03 00:00:00
779,Divya Verma,Female,9389552397,user779@gym.com,1998-08-25,active,2022-06-29,2022-06-29 00:00:00
780,Vikram Kumar,Male,9146719138,user780@gym.com,1996-10-30,inactive,2022-12-20,2022-12-20 00:00:00
781,Priya Nair,Female,9621108586,user781@gym.com,1992-10-06,suspended,2022-10-08,2022-10-08 00:00:00
782,Karthik Nair,Male,9680963028,user782@gym.com,1988-05-09,active,2023-11-02,2023-11-02 00:00:00
783,Vikram Patel,Male,9862584759,user783@gym.com,2009-04-11,active,2024-01-15,2024-01-15 00:00:00
784,Vikram Nair,Male,9823958867,user784@gym.com,1985-04-23,inactive,2022-01-30,2022-01-30 00:00:00
785,Ajay Das,Male,9594164314,user785@gym.com,2011-04-26,active,2022-02-04,2022-02-04 00:00:00
786,Anu Verma,Male,9479529805,user786@gym.com,1985-05-01,active,2024-04-20,2024-04-20 00:00:00
787,Anu Verma,Female,9158606399,user787@gym.com,2001-05-22,suspended,2022-08-25,2022-08-25 00:00:00
788,Ajay Kumar,Female,9134880056,user788@gym.com,2010-12-16,active,2024-02-13,2024-02-13 00:00:00
789,Riya Kumar,Male,9445974745,user789@gym.com,2012-04-19,suspended,2023-07-12,2023-07-12 00:00:00
790,Riya Singh,Female,9673093863,user790@gym.com,1990-03-07,active,2022-03-22,2022-03-22 00:00:00
791,Riya Sharma,Female,9623564427,user791@gym.com,2005-07-01,inactive,2023-10-07,2023-10-07 00:00:00
792,Karthik Iyer,Female,9308873731,user792@gym.com,2005-03-03,suspended,2022-02-12,2022-02-12 00:00:00
793,Ajay Iyer,Female,9727525382,user793@gym.com,1997-09-20,suspended,2022-06-21,2022-06-21 00:00:00
794,Rahul Sharma,Female,9562537752,user794@gym.com,2006-09-11,suspended,2024-07-29,2024-07-29 00:00:00
795,Ajay Mehta,Male,9446124793,user795@gym.com,1999-12-13,inactive,2024-04-06,2024-04-06 00:00:00
796,Karthik Verma,Male,9390783699,user796@gym.com,1985-04-16,inactive,2023-10-07,2023-10-07 00:00:00
797,Sneha Patel,Male,9524724831,user797@gym.com,1986-03-08,suspended,2024-02-07,2024-02-07 00:00:00
798,Sneha Das,Female,9313817113,user798@gym.com,2000-05-20,active,2022-10-11,2022-10-11 00:00:00
799,Rahul Das,Female,9821294853,user799@gym.com,1988-07-22,suspended,2022-04-28,2022-04-28 00:00:00
800,Anu Iyer,Male,9812843978,user800@gym.com,1994-10-19,suspended,2023-11-05,2023-11-05 00:00:00
801,Arun Verma,Male,9126481217,user801@gym.com,2010-09-08,inactive,2023-08-23,2023-08-23 00:00:00
802,Sneha Das,Male,9234663206,user802@gym.com,2000-06-03,inactive,2023-11-04,2023-11-04 00:00:00
803,Arun Reddy,Male,9743112031,user803@gym.com,1995-10-20,active,2022-08-10,2022-08-10 00:00:00
804,Ajay Kumar,Male,9316786822,user804@gym.com,1991-10-29,suspended,2023-08-16,2023-08-16 00:00:00
805,Arun Nair,Female,9193077766,user805@gym.com,1992-03-15,suspended,2023-11-29,2023-11-29 00:00:00
806,Ajay Reddy,Male,9627913928,user806@gym.com,2010-05-25,inactive,2023-05-20,2023-05-20 00:00:00
807,Rahul Sharma,Female,9850845783,user807@gym.com,2002-01-11,inactive,2023-04-14,2023-04-14 00:00:00
808,Riya Kumar,Male,9567170708,user808@gym.com,1991-05-03,inactive,2022-01-11,2022-01-11 00:00:00
809,Riya Verma,Male,9724857780,user809@gym.com,1988-12-03,suspended,2022-10-08,2022-10-08 00:00:00
810,Anu Singh,Female,9480855298,user810@gym.com,2009-06-12,active,2023-01-02,2023-01-02 00:00:00
811,Riya Reddy,Male,9900267699,user811@gym.com,1994-09-05,suspended,2024-01-16,2024-01-16 00:00:00
812,Karthik Nair,Male,9171099384,user812@gym.com,1998-01-06,active,2024-07-27,2024-07-27 00:00:00
813,Priya Mehta,Female,9445058067,user813@gym.com,1998-12-02,inactive,2024-06-29,2024-06-29 00:00:00
814,Arun Nair,Male,9962934063,user814@gym.com,1985-02-11,active,2023-08-31,2023-08-31 00:00:00
815,Sneha Patel,Male,9327772707,user815@gym.com,1988-12-03,suspended,2023-08-19,2023-08-19 00:00:00
816,Sneha Singh,Male,9700046450,user816@gym.com,1998-12-11,active,2023-07-13,2023-07-13 00:00:00
817,Riya Mehta,Male,9714249311,user817@gym.com,1997-07-03,inactive,2023-11-17,2023-11-17 00:00:00
818,Divya Sharma,Female,9450663873,user818@gym.com,2008-09-30,suspended,2022-07-01,2022-07-01 00:00:00
819,Rahul Nair,Male,9949659144,user819@gym.com,2000-07-16,suspended,2022-02-21,2022-02-21 00:00:00
820,Divya Reddy,Female,9183001111,user820@gym.com,1995-03-12,inactive,2023-05-16,2023-05-16 00:00:00
821,Anu Singh,Female,9386203057,user821@gym.com,2003-01-21,inactive,2023-02-24,2023-02-24 00:00:00
822,Ajay Kumar,Female,9214510243,user822@gym.com,1985-10-13,active,2022-07-16,2022-07-16 00:00:00
823,Ajay Singh,Female,9796381881,user823@gym.com,1991-12-18,active,2023-08-17,2023-08-17 00:00:00
824,Anu Das,Female,9205859862,user824@gym.com,1988-02-18,inactive,2022-12-07,2022-12-07 00:00:00
825,Riya Verma,Female,9282380757,user825@gym.com,2000-07-04,active,2023-12-16,2023-12-16 00:00:00
826,Karthik Kumar,Male,9220930222,user826@gym.com,2011-01-28,suspended,2023-06-01,2023-06-01 00:00:00
827,Priya Verma,Male,9415704884,user827@gym.com,1995-08-04,inactive,2024-05-27,2024-05-27 00:00:00
828,Divya Mehta,Male,9720095111,user828@gym.com,2000-05-12,active,2024-05-10,2024-05-10 00:00:00
829,Vikram Verma,Female,9659143158,user829@gym.com,1995-11-19,suspended,2023-07-30,2023-07-30 00:00:00
830,Rahul Singh,Female,9578981185,user830@gym.com,2005-10-02,active,2023-10-17,2023-10-17 00:00:00
831,Priya Mehta,Female,9393761288,user831@gym.com,2001-12-20,suspended,2024-08-17,2024-08-17 00:00:00
832,Priya Mehta,Male,9576966170,user832@gym.com,2001-04-16,inactive,2024-08-23,2024-08-23 00:00:00
833,Priya Iyer,Female,9739706700,user833@gym.com,2001-03-24,active,2023-07-15,2023-07-15 00:00:00
834,Karthik Mehta,Female,9912295114,user834@gym.com,1996-11-07,active,2022-12-31,2022-12-31 00:00:00
835,Ajay Verma,Male,9731866542,user835@gym.com,1999-09-03,suspended,2024-09-04,2024-09-04 00:00:00
836,Ajay Kumar,Female,9854375300,user836@gym.com,2009-09-08,suspended,2023-08-13,2023-08-13 00:00:00
837,Riya Das,Male,9192117859,user837@gym.com,1994-10-12,suspended,2022-09-10,2022-09-10 00:00:00
838,Karthik Reddy,Male,9125493001,user838@gym.com,2007-11-20,active,2022-12-27,2022-12-27 00:00:00
839,Karthik Das,Male,9328799914,user839@gym.com,1991-07-30,suspended,2023-01-04,2023-01-04 00:00:00
840,Vikram Reddy,Male,9548916650,user840@gym.com,2000-12-23,inactive,2023-11-20,2023-11-20 00:00:00
841,Arun Mehta,Female,9384903540,user841@gym.com,1987-01-01,active,2022-08-28,2022-08-28 00:00:00
842,Ajay Singh,Male,9109523889,user842@gym.com,2011-10-02,suspended,2022-09-01,2022-09-01 00:00:00
843,Priya Singh,Female,9476876986,user843@gym.com,1995-03-01,inactive,2022-03-17,2022-03-17 00:00:00
844,Priya Nair,Male,9328516368,user844@gym.com,1987-03-20,active,2024-01-04,2024-01-04 00:00:00
845,Arun Nair,Male,9437853275,user845@gym.com,1990-03-23,inactive,2023-03-11,2023-03-11 00:00:00
846,Ajay Mehta,Male,9723530462,user846@gym.com,2005-08-30,inactive,2022-09-27,2022-09-27 00:00:00
847,Priya Iyer,Male,9828852050,user847@gym.com,2002-08-25,active,2022-11-28,2022-11-28 00:00:00
848,Rahul Kumar,Female,9211397621,user848@gym.com,1997-09-04,suspended,2023-05-31,2023-05-31 00:00:00
849,Vikram Nair,Male,9802127035,user849@gym.com,1997-02-10,suspended,2023-11-29,2023-11-29 00:00:00
850,Vikram Das,Male,9673450599,user850@gym.com,2002-03-07,inactive,2022-01-28,2022-01-28 00:00:00
851,Arun Das,Female,9670775606,user851@gym.com,1999-11-02,active,2023-03-05,2023-03-05 00:00:00
852,Vikram Nair,Female,9798001529,user852@gym.com,1995-02-03,inactive,2022-04-16,2022-04-16 00:00:00
853,Arun Verma,Male,9935713210,user853@gym.com,2011-12-05,active,2022-12-30,2022-12-30 00:00:00
854,Divya Kumar,Female,9109694075,user854@gym.com,2003-03-03,active,2023-02-14,2023-02-14 00:00:00
855,Divya Singh,Female,9283901712,user855@gym.com,1991-09-25,suspended,2024-01-30,2024-01-30 00:00:00
856,Arun Nair,Male,9651203224,user856@gym.com,1985-05-04,active,2023-12-01,2023-12-01 00:00:00
857,Priya Nair,Male,9788997488,user857@gym.com,2012-01-15,active,2024-09-12,2024-09-12 00:00:00
858,Priya Iyer,Female,9687846819,user858@gym.com,1999-08-09,active,2024-08-26,2024-08-26 00:00:00
859,Vikram Das,Female,9354304446,user859@gym.com,2012-05-14,active,2024-04-30,2024-04-30 00:00:00
860,Rahul Iyer,Male,9304473845,user860@gym.com,1988-06-21,active,2023-07-22,2023-07-22 00:00:00
861,Sneha Singh,Male,9103903750,user861@gym.com,2008-04-03,suspended,2023-01-22,2023-01-22 00:00:00
862,Sneha Reddy,Female,9882589964,user862@gym.com,2007-09-15,suspended,2024-04-22,2024-04-22 00:00:00
863,Priya Kumar,Male,9401536997,user863@gym.com,1998-05-25,suspended,2022-08-25,2022-08-25 00:00:00
864,Riya Reddy,Female,9619928973,user864@gym.com,1992-04-12,suspended,2023-02-13,2023-02-13 00:00:00
865,Sneha Sharma,Female,9172686989,user865@gym.com,2000-01-19,suspended,2022-10-07,2022-10-07 00:00:00
866,Priya Das,Male,9587114916,user866@gym.com,1985-10-31,inactive,2024-03-11,2024-03-11 00:00:00
867,Karthik Nair,Female,9604410001,user867@gym.com,1997-09-26,suspended,2024-01-23,2024-01-23 00:00:00
868,Arun Sharma,Male,9731453979,user868@gym.com,2007-04-26,suspended,2023-06-05,2023-06-05 00:00:00
869,Vikram Das,Female,9988747667,user869@gym.com,1993-02-04,suspended,2023-09-01,2023-09-01 00:00:00
870,Priya Iyer,Male,9924179147,user870@gym.com,1990-04-23,inactive,2024-08-28,2024-08-28 00:00:00
871,Anu Singh,Female,9161499863,user871@gym.com,1999-10-02,active,2023-06-05,2023-06-05 00:00:00
872,Riya Mehta,Female,9322442610,user872@gym.com,1985-03-27,inactive,2022-07-20,2022-07-20 00:00:00
873,Ajay Verma,Male,9440236252,user873@gym.com,1996-08-09,suspended,2022-12-05,2022-12-05 00:00:00
874,Ajay Kumar,Male,9693939927,user874@gym.com,1990-04-05,suspended,2023-07-20,2023-07-20 00:00:00
875,Arun Sharma,Male,9354070825,user875@gym.com,2011-10-31,suspended,2022-10-07,2022-10-07 00:00:00
876,Riya Das,Male,9373987458,user876@gym.com,1990-09-15,suspended,2023-06-09,2023-06-09 00:00:00
877,Riya Nair,Male,9369860908,user877@gym.com,1996-09-01,active,2022-09-07,2022-09-07 00:00:00
878,Divya Das,Male,9625447620,user878@gym.com,1992-04-27,suspended,2022-05-20,2022-05-20 00:00:00
879,Arun Sharma,Male,9150883894,user879@gym.com,2002-03-28,suspended,2023-10-15,2023-10-15 00:00:00
880,Arun Nair,Female,9276750015,user880@gym.com,2005-09-01,inactive,2022-05-18,2022-05-18 00:00:00
881,Vikram Sharma,Female,9305363990,user881@gym.com,1995-08-12,inactive,2024-08-31,2024-08-31 00:00:00
882,Sneha Mehta,Female,9119814625,user882@gym.com,2000-04-18,inactive,2024-02-08,2024-02-08 00:00:00
883,Vikram Iyer,Male,9105809418,user883@gym.com,2008-11-28,suspended,2022-04-19,2022-04-19 00:00:00
884,Arun Kumar,Female,9295480743,user884@gym.com,2002-02-11,inactive,2024-04-15,2024-04-15 00:00:00
885,Sneha Verma,Male,9819904000,user885@gym.com,2007-08-12,suspended,2022-11-09,2022-11-09 00:00:00
886,Arun Verma,Female,9377806062,user886@gym.com,2001-08-28,inactive,2022-06-24,2022-06-24 00:00:00
887,Divya Nair,Female,9600013971,user887@gym.com,2002-06-20,active,2023-03-20,2023-03-20 00:00:00
888,Anu Das,Male,9502490976,user888@gym.com,1997-08-28,inactive,2023-10-25,2023-10-25 00:00:00
889,Priya Das,Male,9667359955,user889@gym.com,2000-12-19,inactive,2022-03-10,2022-03-10 00:00:00
890,Arun Reddy,Female,9243484977,user890@gym.com,2007-04-06,inactive,2024-09-16,2024-09-16 00:00:00
891,Riya Sharma,Male,9813663262,user891@gym.com,1989-06-05,suspended,2023-11-22,2023-11-22 00:00:00
892,Arun Singh,Male,9228385607,user892@gym.com,2009-11-20,active,2022-11-13,2022-11-13 00:00:00
893,Sneha Iyer,Male,9613618159,user893@gym.com,2004-08-13,active,2022-04-17,2022-04-17 00:00:00
894,Vikram Nair,Male,9409908120,user894@gym.com,1989-01-12,active,2022-04-09,2022-04-09 00:00:00
895,Rahul Sharma,Female,9333025432,user895@gym.com,2010-07-17,active,2022-01-27,2022-01-27 00:00:00
896,Anu Mehta,Female,9250405284,user896@gym.com,1986-10-12,inactive,2022-10-21,2022-10-21 00:00:00
897,Arun Reddy,Female,9955237619,user897@gym.com,1998-04-21,suspended,2022-06-12,2022-06-12 00:00:00
898,Anu Verma,Female,9369740082,user898@gym.com,1997-02-24,inactive,2022-03-16,2022-03-16 00:00:00
899,Riya Das,Female,9841116298,user899@gym.com,1993-04-03,suspended,2024-05-26,2024-05-26 00:00:00
900,Arun Mehta,Male,9592346754,user900@gym.com,2009-03-05,suspended,2022-03-10,2022-03-10 00:00:00
901,Ajay Singh,Male,9508995963,user901@gym.com,2010-03-06,active,2023-08-02,2023-08-02 00:00:00
902,Priya Reddy,Male,9778862494,user902@gym.com,2010-08-12,active,2023-09-25,2023-09-25 00:00:00
903,Karthik Patel,Female,9229042744,user903@gym.com,2009-01-22,suspended,2024-08-03,2024-08-03 00:00:00
904,Sneha Verma,Male,9826179490,user904@gym.com,1992-02-11,suspended,2022-06-06,2022-06-06 00:00:00
905,Arun Reddy,Male,9579309428,user905@gym.com,2011-02-02,suspended,2023-09-10,2023-09-10 00:00:00
906,Rahul Patel,Male,9657451463,user906@gym.com,2000-04-30,active,2022-07-07,2022-07-07 00:00:00
907,Karthik Patel,Male,9536448636,user907@gym.com,1999-12-25,inactive,2022-08-14,2022-08-14 00:00:00
908,Rahul Mehta,Female,9733204422,user908@gym.com,2011-05-26,inactive,2022-12-26,2022-12-26 00:00:00
909,Priya Reddy,Male,9846403992,user909@gym.com,1986-09-19,suspended,2022-04-07,2022-04-07 00:00:00
910,Anu Kumar,Male,9518623866,user910@gym.com,1985-12-23,inactive,2023-06-01,2023-06-01 00:00:00
911,Sneha Singh,Female,9564618844,user911@gym.com,2011-04-22,inactive,2023-11-22,2023-11-22 00:00:00
912,Karthik Sharma,Female,9463953943,user912@gym.com,2012-05-09,active,2022-08-05,2022-08-05 00:00:00
913,Ajay Das,Female,9908053332,user913@gym.com,2009-09-12,inactive,2023-11-01,2023-11-01 00:00:00
914,Ajay Singh,Male,9659483432,user914@gym.com,1991-10-26,inactive,2022-10-18,2022-10-18 00:00:00
915,Riya Iyer,Male,9776585090,user915@gym.com,2005-03-04,active,2022-07-31,2022-07-31 00:00:00
916,Karthik Mehta,Male,9414562396,user916@gym.com,1997-02-25,active,2024-04-23,2024-04-23 00:00:00
917,Rahul Mehta,Female,9274272952,user917@gym.com,2004-04-18,active,2022-10-08,2022-10-08 00:00:00
918,Priya Reddy,Female,9720620991,user918@gym.com,1999-07-10,suspended,2022-07-30,2022-07-30 00:00:00
919,Priya Kumar,Female,9330439753,user919@gym.com,2001-02-17,suspended,2023-10-28,2023-10-28 00:00:00
920,Priya Mehta,Male,9990620869,user920@gym.com,1993-10-01,suspended,2024-04-21,2024-04-21 00:00:00
921,Arun Sharma,Female,9762489832,user921@gym.com,1992-11-02,inactive,2023-06-03,2023-06-03 00:00:00
922,Arun Iyer,Female,9518230749,user922@gym.com,2009-03-04,suspended,2022-07-15,2022-07-15 00:00:00
923,Rahul Singh,Male,9789353251,user923@gym.com,1999-06-30,inactive,2022-04-20,2022-04-20 00:00:00
924,Vikram Das,Female,9159807050,user924@gym.com,1988-04-24,inactive,2024-02-14,2024-02-14 00:00:00
925,Divya Patel,Female,9892611123,user925@gym.com,1992-05-26,inactive,2023-04-16,2023-04-16 00:00:00
926,Karthik Mehta,Male,9582306732,user926@gym.com,2005-07-14,suspended,2024-08-20,2024-08-20 00:00:00
927,Sneha Iyer,Female,9425508895,user927@gym.com,1987-10-18,suspended,2024-01-10,2024-01-10 00:00:00
928,Sneha Reddy,Male,9820221765,user928@gym.com,2003-03-09,active,2023-04-12,2023-04-12 00:00:00
929,Karthik Nair,Male,9898077337,user929@gym.com,2001-06-16,active,2022-02-28,2022-02-28 00:00:00
930,Anu Patel,Female,9566938360,user930@gym.com,2003-12-07,suspended,2024-08-28,2024-08-28 00:00:00
931,Divya Nair,Male,9228553629,user931@gym.com,2010-09-02,suspended,2023-12-28,2023-12-28 00:00:00
932,Arun Kumar,Female,9353178551,user932@gym.com,2008-04-19,inactive,2023-12-25,2023-12-25 00:00:00
933,Vikram Sharma,Male,9880066477,user933@gym.com,1995-12-27,inactive,2024-08-16,2024-08-16 00:00:00
934,Arun Das,Female,9200036732,user934@gym.com,1996-12-29,suspended,2023-02-07,2023-02-07 00:00:00
935,Divya Reddy,Male,9900838050,user935@gym.com,2005-09-04,inactive,2022-05-21,2022-05-21 00:00:00
936,Karthik Das,Female,9321408962,user936@gym.com,2005-02-12,suspended,2023-11-15,2023-11-15 00:00:00
937,Priya Iyer,Female,9108465580,user937@gym.com,1988-07-19,suspended,2022-05-19,2022-05-19 00:00:00
938,Vikram Nair,Female,9665394722,user938@gym.com,2007-11-18,inactive,2022-07-26,2022-07-26 00:00:00
939,Divya Reddy,Male,9670248010,user939@gym.com,2004-02-03,active,2023-06-03,2023-06-03 00:00:00
940,Vikram Singh,Female,9487053342,user940@gym.com,1995-04-04,active,2024-07-06,2024-07-06 00:00:00
941,Ajay Reddy,Male,9718617148,user941@gym.com,1990-11-08,active,2024-06-08,2024-06-08 00:00:00
942,Divya Verma,Female,9610754766,user942@gym.com,2000-11-25,inactive,2024-05-14,2024-05-14 00:00:00
943,Arun Sharma,Female,9549231891,user943@gym.com,2000-07-18,active,2024-02-11,2024-02-11 00:00:00
944,Ajay Sharma,Male,9124664451,user944@gym.com,2006-05-22,suspended,2024-03-24,2024-03-24 00:00:00
945,Riya Verma,Female,9134368551,user945@gym.com,2006-12-28,inactive,2023-10-02,2023-10-02 00:00:00
946,Rahul Singh,Female,9499307176,user946@gym.com,2005-12-05,active,2022-07-22,2022-07-22 00:00:00
947,Arun Sharma,Male,9447878455,user947@gym.com,2001-02-10,active,2022-02-09,2022-02-09 00:00:00
948,Ajay Nair,Male,9801347619,user948@gym.com,1993-05-19,suspended,2023-01-07,2023-01-07 00:00:00
949,Arun Nair,Female,9283459363,user949@gym.com,2007-06-18,inactive,2023-10-02,2023-10-02 00:00:00
950,Priya Das,Female,9660532704,user950@gym.com,1988-02-01,suspended,2022-05-10,2022-05-10 00:00:00
951,Vikram Mehta,Female,9564562313,user951@gym.com,2007-12-19,inactive,2024-08-16,2024-08-16 00:00:00
952,Vikram Verma,Female,9510365472,user952@gym.com,2005-02-02,inactive,2023-02-27,2023-02-27 00:00:00
953,Divya Nair,Female,9883325542,user953@gym.com,2008-03-11,inactive,2024-04-13,2024-04-13 00:00:00
954,Anu Nair,Male,9244741530,user954@gym.com,1995-02-27,active,2023-12-10,2023-12-10 00:00:00
955,Vikram Sharma,Male,9813631445,user955@gym.com,2011-08-14,active,2023-05-14,2023-05-14 00:00:00
956,Ajay Das,Female,9197887875,user956@gym.com,1993-05-20,suspended,2024-09-19,2024-09-19 00:00:00
957,Arun Singh,Female,9676550592,user957@gym.com,2010-04-13,inactive,2023-09-14,2023-09-14 00:00:00
958,Anu Nair,Female,9346533028,user958@gym.com,2005-03-25,suspended,2023-12-25,2023-12-25 00:00:00
959,Vikram Das,Male,9682029587,user959@gym.com,2007-03-28,suspended,2022-11-14,2022-11-14 00:00:00
960,Priya Mehta,Male,9840246492,user960@gym.com,1993-11-03,suspended,2024-05-03,2024-05-03 00:00:00
961,Arun Reddy,Male,9933182871,user961@gym.com,1985-10-03,inactive,2024-03-03,2024-03-03 00:00:00
962,Ajay Verma,Female,9821920521,user962@gym.com,2006-02-06,active,2022-12-22,2022-12-22 00:00:00
963,Ajay Sharma,Female,9142374482,user963@gym.com,2005-12-18,active,2024-01-26,2024-01-26 00:00:00
964,Vikram Das,Female,9825473477,user964@gym.com,1994-06-24,inactive,2023-08-04,2023-08-04 00:00:00
965,Vikram Reddy,Female,9221095183,user965@gym.com,2002-08-18,suspended,2023-09-24,2023-09-24 00:00:00
966,Ajay Mehta,Female,9331869101,user966@gym.com,1994-08-23,active,2023-05-02,2023-05-02 00:00:00
967,Priya Reddy,Female,9884618439,user967@gym.com,1992-07-31,active,2023-09-27,2023-09-27 00:00:00
968,Ajay Singh,Female,9689377878,user968@gym.com,2006-01-22,suspended,2023-07-19,2023-07-19 00:00:00
969,Rahul Das,Male,9780648744,user969@gym.com,2012-05-08,active,2022-05-04,2022-05-04 00:00:00
970,Divya Mehta,Male,9576988170,user970@gym.com,2004-07-23,inactive,2022-04-11,2022-04-11 00:00:00
971,Arun Kumar,Female,9596038765,user971@gym.com,2012-02-14,inactive,2024-09-20,2024-09-20 00:00:00
972,Ajay Kumar,Male,9410373593,user972@gym.com,1991-04-01,suspended,2023-01-31,2023-01-31 00:00:00
973,Divya Verma,Male,9875081658,user973@gym.com,1988-06-25,suspended,2022-05-15,2022-05-15 00:00:00
974,Anu Sharma,Female,9325033440,user974@gym.com,1990-04-14,inactive,2022-08-27,2022-08-27 00:00:00
975,Anu Kumar,Female,9995835248,user975@gym.com,1985-02-21,active,2024-02-08,2024-02-08 00:00:00
976,Karthik Nair,Female,9962215512,user976@gym.com,2010-01-20,suspended,2023-06-29,2023-06-29 00:00:00
977,Karthik Verma,Female,9613886742,user977@gym.com,2009-12-30,active,2024-08-05,2024-08-05 00:00:00
978,Karthik Mehta,Female,9427245982,user978@gym.com,1996-01-13,inactive,2023-12-21,2023-12-21 00:00:00
979,Karthik Mehta,Male,9427399654,user979@gym.com,1995-08-25,active,2022-08-10,2022-08-10 00:00:00
980,Ajay Verma,Female,9919494774,user980@gym.com,2006-10-06,active,2024-04-29,2024-04-29 00:00:00
981,Karthik Reddy,Female,9861562133,user981@gym.com,1988-05-24,suspended,2023-11-16,2023-11-16 00:00:00
982,Riya Nair,Male,9542025202,user982@gym.com,1999-03-20,suspended,2022-06-16,2022-06-16 00:00:00
983,Divya Sharma,Male,9115927623,user983@gym.com,1999-11-27,inactive,2024-01-16,2024-01-16 00:00:00
984,Riya Das,Female,9288088200,user984@gym.com,1997-11-09,inactive,2024-08-21,2024-08-21 00:00:00
985,Arun Reddy,Male,9622738663,user985@gym.com,1987-10-02,suspended,2024-03-01,2024-03-01 00:00:00
986,Karthik Kumar,Female,9791665273,user986@gym.com,1992-01-12,suspended,2022-03-02,2022-03-02 00:00:00
987,Karthik Verma,Female,9613501536,user987@gym.com,1999-12-28,inactive,2022-08-22,2022-08-22 00:00:00
988,Anu Nair,Male,9150975611,user988@gym.com,1987-11-08,suspended,2024-09-27,2024-09-27 00:00:00
989,Sneha Sharma,Female,9618211452,user989@gym.com,1997-09-26,active,2024-09-14,2024-09-14 00:00:00
990,Riya Kumar,Male,9872652389,user990@gym.com,1993-10-30,inactive,2024-02-26,2024-02-26 00:00:00
991,Riya Das,Female,9681209530,user991@gym.com,1987-09-28,inactive,2023-10-18,2023-10-18 00:00:00
992,Ajay Mehta,Female,9164808754,user992@gym.com,1997-08-10,suspended,2023-03-08,2023-03-08 00:00:00
993,Riya Verma,Female,9119972839,user993@gym.com,2001-10-19,active,2022-04-26,2022-04-26 00:00:00
994,Rahul Singh,Female,9332238707,user994@gym.com,2008-02-09,inactive,2022-06-26,2022-06-26 00:00:00
995,Ajay Patel,Female,9971875233,user995@gym.com,2005-06-10,suspended,2022-07-14,2022-07-14 00:00:00
996,Sneha Patel,Male,9798233910,user996@gym.com,1986-06-23,inactive,2023-02-18,2023-02-18 00:00:00
997,Ajay Singh,Female,9207508456,user997@gym.com,1992-07-08,inactive,2022-04-18,2022-04-18 00:00:00
998,Riya Das,Female,9685917463,user998@gym.com,2007-08-23,suspended,2023-12-11,2023-12-11 00:00:00
999,Divya Patel,Male,9698340659,user999@gym.com,2000-09-30,active,2022-12-09,2022-12-09 00:00:00
1000,Karthik Singh,Male,9889628876,user1000@gym.com,2008-05-15,suspended,2022-05-17,2022-05-17 00:00:00
