payment_id,membership_id,amount,payment_date,payment_method
1,1,6196,2023-03-31,Card
2,1,1907,2023-09-25,Card
3,1,3014,2023-12-10,Cash
4,1,883,2023-12-01,Card
5,2,2511,2023-09-19,Card
6,2,489,2023-04-20,Cash
7,3,8199,2023-03-01,UPI
8,3,801,2023-02-19,Card
9,4,8597,2023-03-19,Card
10,4,403,2023-03-30,Cash
11,5,1045,2023-01-14,Card
12,5,10674,2023-12-05,UPI
13,5,281,2023-06-18,UPI
14,6,1894,2023-04-17,UPI
15,6,2199,2023-05-07,Cash
16,6,907,2023-08-19,Card
17,7,1332,2023-01-11,Card
18,7,7763,2023-12-04,Cash
19,7,2384,2023-07-31,Card
20,7,521,2023-11-30,Card
21,8,2531,2023-11-05,UPI
22,8,469,2023-01-10,Cash
23,9,1556,2023-06-05,Card
24,9,3096,2023-06-04,Card
25,9,348,2023-06-22,Cash
26,10,7662,2023-07-17,Card
27,10,1063,2023-09-24,UPI
28,10,275,2023-12-25,Card
29,11,2596,2023-05-14,Cash
30,11,404,2023-03-31,UPI
31,12,8991,2023-04-04,UPI
32,12,9,2023-09-02,UPI
33,13,1286,2023-02-02,Card
34,13,1014,2023-03-16,Cash
35,13,700,2023-03-08,UPI
36,14,5459,2023-03-21,Card
37,14,1082,2023-05-20,Cash
38,14,1591,2023-01-15,Cash
39,14,1950,2023-06-23,UPI
40,14,1157,2023-04-29,Card
41,14,761,2023-10-16,Cash
42,15,3936,2023-02-17,Card
43,15,3635,2023-02-23,Cash
44,15,1030,2023-01-09,UPI
45,15,399,2023-12-30,UPI
46,16,2265,2023-02-11,UPI
47,16,735,2023-02-05,Card
48,17,1611,2023-11-26,UPI
49,17,1038,2023-08-06,Card
50,17,351,2023-03-17,Cash
51,18,1485,2023-10-19,UPI
52,18,2110,2023-07-06,Cash
53,18,1036,2023-02-22,Card
54,18,369,2023-05-24,UPI
55,19,3726,2023-04-11,UPI
56,19,4052,2023-01-24,UPI
57,19,1204,2023-09-26,Card
58,19,18,2023-07-17,Card
59,20,2614,2023-06-15,UPI
60,20,386,2023-01-19,UPI
61,21,5739,2023-01-22,Cash
62,21,3947,2023-12-20,Cash
63,21,1451,2023-03-16,Cash
64,21,863,2023-10-15,Cash
65,22,2337,2023-10-05,Cash
66,22,5721,2023-02-11,Cash
67,22,942,2023-07-17,Card
68,23,1734,2023-06-07,Card
69,23,1894,2023-08-09,Cash
70,23,1248,2023-12-17,Cash
71,23,124,2023-06-30,Cash
72,24,4093,2023-10-02,UPI
73,24,907,2023-02-17,Card
74,25,8344,2023-04-29,Card
75,25,1239,2023-09-29,UPI
76,25,1750,2023-09-21,Cash
77,25,667,2023-10-05,Card
78,26,4070,2023-09-26,Cash
79,26,930,2023-08-10,Card
80,27,3475,2023-01-31,UPI
81,27,1383,2023-12-15,UPI
82,27,142,2023-08-05,Card
83,28,8783,2023-07-24,Cash
84,28,217,2023-07-08,UPI
85,29,4828,2023-03-14,Card
86,29,172,2023-12-13,Card
87,30,5577,2023-11-02,Cash
88,30,2691,2023-08-03,Cash
89,30,1682,2023-08-02,Cash
90,30,1551,2023-08-22,Cash
91,30,499,2023-12-14,UPI
92,31,1980,2023-03-02,Card
93,31,1012,2023-12-11,Cash
94,31,8,2023-02-20,Card
95,32,7844,2023-10-14,Cash
96,32,2214,2023-02-22,UPI
97,32,1276,2023-01-01,UPI
98,32,666,2023-05-16,Card
99,33,8174,2023-03-06,Cash
100,33,826,2023-04-27,UPI
101,34,7966,2023-10-03,Cash
102,34,1546,2023-01-19,Card
103,34,1576,2023-06-23,UPI
104,34,912,2023-06-27,Card
105,35,6505,2023-12-23,Card
106,35,1975,2023-05-03,UPI
107,35,520,2023-08-12,Card
108,36,2522,2023-02-13,UPI
109,36,478,2023-05-22,UPI
110,37,5751,2023-06-16,Card
111,37,2872,2023-10-26,UPI
112,37,377,2023-12-28,Card
113,38,1793,2023-04-14,Cash
114,38,1104,2023-02-16,UPI
115,38,103,2023-01-08,Card
116,39,1986,2023-02-20,Card
117,39,1008,2023-02-01,Card
118,39,6,2023-10-02,Cash
119,40,4192,2023-10-20,Card
120,40,808,2023-10-24,Cash
121,41,1225,2023-03-18,Card
122,41,3199,2023-08-08,UPI
123,41,3143,2023-03-20,Cash
124,41,1015,2023-01-05,UPI
125,41,418,2023-10-30,UPI
126,42,8805,2023-08-05,Cash
127,42,2974,2023-07-03,UPI
128,42,221,2023-07-03,Card
129,43,7555,2023-11-16,UPI
130,43,1486,2023-01-16,Cash
131,43,2038,2023-07-01,Cash
132,43,921,2023-07-15,UPI
133,44,1330,2023-12-18,UPI
134,44,1293,2023-09-19,Cash
135,44,5216,2023-02-16,Card
136,44,1115,2023-09-09,Card
137,44,46,2023-12-22,Card
138,45,2052,2023-11-06,Card
139,45,2409,2023-11-22,Card
140,45,539,2023-10-18,UPI
141,46,2691,2023-01-21,Card
142,46,309,2023-01-09,UPI
143,47,6723,2023-03-11,Cash
144,47,1286,2023-04-25,UPI
145,47,991,2023-01-08,Card
146,48,1415,2023-01-10,Cash
147,48,1315,2023-03-03,Card
148,48,270,2023-11-10,Cash
149,49,3021,2023-11-01,UPI
150,49,1934,2023-01-26,Cash
151,49,5712,2023-03-22,UPI
152,49,1143,2023-02-17,Cash
153,49,190,2023-01-04,Cash
154,50,1876,2023-07-31,UPI
155,50,1087,2023-10-23,Card
156,50,37,2023-02-21,UPI
157,51,5589,2023-05-16,UPI
158,51,2013,2023-05-20,UPI
159,51,1134,2023-02-07,UPI
160,51,264,2023-11-20,Cash
161,52,6224,2023-11-03,Cash
162,52,1417,2023-02-24,Cash
163,52,1108,2023-06-07,UPI
164,52,251,2023-12-01,Card
165,53,6347,2023-03-24,Card
166,53,1990,2023-10-14,Card
167,53,663,2023-08-15,Cash
168,54,4729,2023-01-20,Cash
169,54,271,2023-05-25,Card
170,55,2052,2023-12-29,Card
171,55,948,2023-12-03,Cash
172,56,1665,2023-02-23,Card
173,56,2525,2023-08-16,UPI
174,56,5354,2023-04-30,Cash
175,56,1954,2023-01-04,Card
176,56,502,2023-02-19,UPI
177,57,2839,2023-09-28,Card
178,57,3221,2023-09-10,UPI
179,57,4448,2023-07-31,Card
180,57,1457,2023-03-23,UPI
181,57,35,2023-03-15,UPI
182,58,8399,2023-11-15,Cash
183,58,601,2023-07-31,UPI
184,59,2972,2023-08-29,Card
185,59,1559,2023-05-07,Card
186,59,469,2023-04-25,Card
187,60,1831,2023-08-13,Card
188,60,3156,2023-12-07,UPI
189,60,2381,2023-08-26,UPI
190,60,3552,2023-01-05,UPI
191,60,1008,2023-06-05,Cash
192,60,72,2023-08-04,Cash
193,61,1072,2023-04-20,Cash
194,61,1523,2023-05-11,UPI
195,61,405,2023-09-04,Card
196,62,1161,2023-04-03,Cash
197,62,1153,2023-02-16,Cash
198,62,686,2023-11-07,UPI
199,63,5449,2023-04-10,UPI
200,63,2446,2023-09-24,Cash
201,63,1017,2023-11-26,Card
202,63,88,2023-06-03,UPI
203,64,2626,2023-09-19,Cash
204,64,1586,2023-10-23,UPI
205,64,788,2023-11-29,Card
206,65,1344,2023-03-13,UPI
207,65,7011,2023-02-08,Cash
208,65,645,2023-07-11,UPI
209,66,3259,2023-04-07,Card
210,66,1151,2023-08-18,UPI
211,66,590,2023-08-23,Cash
212,67,4973,2023-06-22,Card
213,67,1611,2023-04-13,UPI
214,67,1187,2023-02-17,Card
215,67,1182,2023-03-17,UPI
216,67,47,2023-06-14,Card
217,68,10195,2023-09-24,UPI
218,68,1160,2023-12-19,Card
219,68,645,2023-05-12,UPI
220,69,1523,2023-09-14,Card
221,69,9552,2023-03-18,UPI
222,69,925,2023-05-10,Cash
223,70,1954,2023-11-30,Card
224,70,1003,2023-01-27,Card
225,70,43,2023-08-08,UPI
226,71,1663,2023-08-10,Card
227,71,1188,2023-10-13,Card
228,71,149,2023-03-18,Card
229,72,3562,2023-03-28,UPI
230,72,1495,2023-08-27,Cash
231,72,3279,2023-08-04,Card
232,72,664,2023-02-05,UPI
233,73,1418,2023-04-16,Cash
234,73,1241,2023-04-20,Cash
235,73,341,2023-08-23,Card
236,74,3304,2023-08-15,Cash
237,74,1524,2023-06-15,UPI
238,74,172,2023-04-25,Cash
239,75,9625,2023-08-02,Card
240,75,1852,2023-01-19,UPI
241,75,523,2023-02-08,Cash
242,76,6799,2023-01-25,Cash
243,76,1610,2023-11-03,Cash
244,76,591,2023-08-12,Cash
245,77,1982,2023-10-15,UPI
246,77,2022,2023-09-06,Card
247,77,996,2023-10-08,UPI
248,78,2497,2023-10-03,Card
249,78,7655,2023-02-18,UPI
250,78,1636,2023-03-07,UPI
251,78,212,2023-06-18,UPI
252,79,3772,2023-01-01,Card
253,79,5947,2023-03-28,UPI
254,79,1410,2023-09-14,Card
255,79,871,2023-06-04,Cash
256,80,2678,2023-07-15,Cash
257,80,1594,2023-02-24,Cash
258,80,728,2023-02-01,Cash
259,81,4912,2023-09-22,Cash
260,81,88,2023-04-07,UPI
261,82,4821,2023-02-13,Card
262,82,179,2023-09-02,UPI
263,83,2238,2023-04-04,Card
264,83,1160,2023-01-12,Card
265,83,1379,2023-10-22,UPI
266,83,223,2023-04-17,Cash
267,84,4480,2023-11-26,Cash
268,84,1487,2023-03-12,Cash
269,84,1434,2023-05-12,Card
270,84,1139,2023-01-20,UPI
271,84,460,2023-11-08,UPI
272,85,2007,2023-06-08,Cash
273,85,8739,2023-04-13,Cash
274,85,1034,2023-02-05,UPI
275,85,220,2023-07-15,Cash
276,86,6193,2023-06-01,Card
277,86,2717,2023-04-26,UPI
278,86,90,2023-03-28,Card
279,87,4636,2023-09-16,UPI
280,87,364,2023-09-27,Cash
281,88,5686,2023-05-01,UPI
282,88,4460,2023-04-09,Cash
283,88,1035,2023-08-09,Cash
284,88,819,2023-06-21,Card
285,89,5102,2023-10-03,Cash
286,89,2394,2023-04-24,Card
287,89,1275,2023-05-30,Cash
288,89,229,2023-01-13,Cash
289,90,2931,2023-12-25,Card
290,90,1434,2023-02-15,Card
291,90,635,2023-10-21,Cash
292,91,5415,2023-01-29,Cash
293,91,3243,2023-04-25,Card
294,91,342,2023-08-24,Card
295,92,7625,2023-01-06,Cash
296,92,1272,2023-10-27,Cash
297,92,103,2023-09-01,UPI
298,93,1160,2023-07-30,Card
299,93,3630,2023-04-29,Card
300,93,210,2023-07-17,UPI
301,94,8727,2023-11-27,Cash
302,94,1099,2023-01-29,UPI
303,94,1991,2023-10-15,Cash
304,94,183,2023-06-05,Cash
305,95,5838,2023-08-05,Cash
306,95,1472,2023-03-23,UPI
307,95,1570,2023-06-05,Card
308,95,120,2023-10-21,UPI
309,96,1166,2023-03-18,Cash
310,96,2578,2023-12-08,Cash
311,96,7579,2023-01-26,Cash
312,96,677,2023-11-04,UPI
313,97,4458,2023-04-22,UPI
314,97,5586,2023-10-04,Cash
315,97,1839,2023-08-14,Cash
316,97,117,2023-02-16,Cash
317,98,4032,2023-11-19,UPI
318,98,968,2023-05-02,UPI
319,99,3682,2023-06-28,UPI
320,99,1288,2023-10-07,Cash
321,99,30,2023-09-05,UPI
322,100,2704,2023-01-20,UPI
323,100,296,2023-04-04,Cash
324,101,7758,2023-11-30,Cash
325,101,1197,2023-02-02,Cash
326,101,45,2023-11-05,Card
327,102,6732,2023-07-22,Card
328,102,1709,2023-08-28,UPI
329,102,559,2023-02-17,Card
330,103,4194,2023-07-26,Cash
331,103,806,2023-02-10,UPI
332,104,3118,2023-03-14,Cash
333,104,1508,2023-11-23,UPI
334,104,374,2023-04-21,Cash
335,105,3306,2023-05-22,Cash
336,105,1161,2023-12-05,Cash
337,105,533,2023-07-01,Cash
338,106,2111,2023-11-28,UPI
339,106,1792,2023-10-09,Card
340,106,1031,2023-08-06,Cash
341,106,66,2023-05-07,Card
342,107,5419,2023-03-08,UPI
343,107,1263,2023-06-01,Cash
344,107,3371,2023-06-25,UPI
345,107,1407,2023-02-20,Card
346,107,540,2023-02-23,Card
347,108,3468,2023-04-10,Cash
348,108,3643,2023-10-15,Cash
349,108,1715,2023-06-29,Cash
350,108,174,2023-01-31,UPI
351,109,2714,2023-12-12,Card
352,109,286,2023-10-14,Cash
353,110,7119,2023-01-04,Cash
354,110,1449,2023-01-24,UPI
355,110,1475,2023-09-30,UPI
356,110,1946,2023-09-21,Cash
357,110,11,2023-12-27,Cash
358,111,1578,2023-08-24,UPI
359,111,1396,2023-07-23,UPI
360,111,26,2023-01-26,Card
361,112,1814,2023-11-25,Card
362,112,1116,2023-07-26,Cash
363,112,70,2023-11-17,UPI
364,113,11388,2023-10-02,UPI
365,113,612,2023-12-31,UPI
366,114,7618,2023-10-08,Card
367,114,1235,2023-09-29,Cash
368,114,147,2023-12-01,Card
369,115,1837,2023-08-03,Card
370,115,1139,2023-08-15,UPI
371,115,1076,2023-12-06,Card
372,115,948,2023-07-08,Cash
373,116,7035,2023-02-27,Cash
374,116,1247,2023-07-03,Card
375,116,718,2023-03-28,Cash
376,117,3865,2023-05-09,Card
377,117,1106,2023-07-07,Card
378,117,29,2023-01-17,Cash
379,118,3743,2023-04-22,Cash
380,118,1146,2023-12-21,UPI
381,118,111,2023-05-28,Card
382,119,3215,2023-04-22,UPI
383,119,1598,2023-01-02,UPI
384,119,187,2023-10-09,Card
385,120,1747,2023-11-16,Cash
386,120,1085,2023-09-12,UPI
387,120,168,2023-07-26,Card
388,121,2197,2023-06-19,UPI
389,121,803,2023-03-13,Cash
390,122,10523,2023-11-22,Cash
391,122,1308,2023-02-14,Card
392,122,169,2023-12-01,Card
393,123,1652,2023-07-05,Cash
394,123,1219,2023-08-01,Cash
395,123,129,2023-11-21,Cash
396,124,3322,2023-12-16,UPI
397,124,1642,2023-01-15,Cash
398,124,36,2023-06-18,UPI
399,125,6861,2023-09-25,UPI
400,125,1048,2023-12-16,Cash
401,125,1082,2023-12-20,Cash
402,125,9,2023-01-26,Card
403,126,2373,2023-08-30,UPI
404,126,1253,2023-11-05,Cash
405,126,3699,2023-07-24,UPI
406,126,4592,2023-04-02,Cash
407,126,83,2023-10-12,Card
408,127,1060,2023-01-12,Cash
409,127,5735,2023-07-24,UPI
410,127,1935,2023-12-12,Cash
411,127,270,2023-05-27,UPI
412,128,1522,2023-09-19,Cash
413,128,1061,2023-04-28,Cash
414,128,417,2023-12-20,Card
415,129,2029,2023-02-23,UPI
416,129,1769,2023-01-08,Card
417,129,3381,2023-07-12,Card
418,129,1787,2023-12-18,Cash
419,129,34,2023-10-07,UPI
420,130,3028,2023-07-07,Card
421,130,1590,2023-12-17,UPI
422,130,382,2023-09-27,Cash
423,131,4110,2023-02-27,Cash
424,131,6581,2023-03-21,UPI
425,131,1133,2023-12-27,Cash
426,131,176,2023-10-05,Card
427,132,2515,2023-07-20,UPI
428,132,7174,2023-05-27,Card
429,132,2078,2023-02-01,Card
430,132,233,2023-01-07,Cash
431,133,4726,2023-04-19,UPI
432,133,274,2023-05-28,Card
433,134,2603,2023-10-06,UPI
434,134,397,2023-07-24,Card
435,135,4719,2023-03-24,UPI
436,135,1835,2023-09-28,Cash
437,135,2044,2023-01-11,Cash
438,135,402,2023-03-21,Cash
439,136,4352,2023-05-16,UPI
440,136,2052,2023-03-17,UPI
441,136,1651,2023-07-29,UPI
442,136,3682,2023-09-16,Card
443,136,263,2023-06-28,Cash
444,137,3749,2023-08-28,Cash
445,137,2076,2023-10-30,Cash
446,137,4597,2023-12-19,Card
447,137,1250,2023-11-23,UPI
448,137,328,2023-06-07,Card
449,138,7364,2023-09-13,Cash
450,138,1347,2023-06-09,Cash
451,138,289,2023-09-26,Card
452,139,4483,2023-09-26,Card
453,139,517,2023-08-26,UPI
454,140,1296,2023-03-09,Cash
455,140,1559,2023-07-11,Card
456,140,145,2023-09-25,Card
457,141,2542,2023-09-20,UPI
458,141,1190,2023-02-26,Cash
459,141,1191,2023-09-03,Card
460,141,77,2023-09-05,Cash
461,142,4005,2023-07-31,UPI
462,142,4134,2023-04-25,UPI
463,142,861,2023-06-08,UPI
464,143,4751,2023-10-14,Card
465,143,249,2023-09-03,UPI
466,144,2335,2023-09-28,Cash
467,144,2333,2023-01-06,Cash
468,144,1403,2023-05-19,Cash
469,144,1188,2023-01-14,Card
470,144,1378,2023-05-22,UPI
471,144,363,2023-10-06,Cash
472,145,4035,2023-05-22,Cash
473,145,2103,2023-03-05,Cash
474,145,1107,2023-04-05,UPI
475,145,1421,2023-09-16,UPI
476,145,334,2023-08-21,Cash
477,146,1486,2023-03-26,Card
478,146,1201,2023-05-14,UPI
479,146,313,2023-02-20,Card
480,147,1996,2023-10-20,UPI
481,147,1115,2023-03-01,UPI
482,147,1393,2023-06-17,Card
483,147,496,2023-02-05,Cash
484,148,2219,2023-03-11,UPI
485,148,1115,2023-03-02,Cash
486,148,3561,2023-12-26,Cash
487,148,2587,2023-07-19,Card
488,148,1983,2023-10-19,Card
489,148,535,2023-10-05,UPI
490,149,7793,2023-03-31,UPI
491,149,3228,2023-04-16,Card
492,149,979,2023-12-29,Card
493,150,3302,2023-01-18,UPI
494,150,1684,2023-01-06,Cash
495,150,3650,2023-03-30,Cash
496,150,364,2023-01-21,UPI
497,151,6929,2023-04-26,Cash
498,151,1847,2023-07-02,UPI
499,151,224,2023-03-03,UPI
500,152,4337,2023-03-10,Card
501,152,3283,2023-07-16,Cash
502,152,1088,2023-11-19,UPI
503,152,292,2023-09-07,Cash
504,153,5539,2023-03-22,Card
505,153,3457,2023-06-07,Card
506,153,1987,2023-10-29,UPI
507,153,1008,2023-04-06,UPI
508,153,9,2023-08-13,UPI
509,154,10713,2023-05-14,UPI
510,154,1279,2023-03-23,UPI
511,154,8,2023-06-22,Card
512,155,2229,2023-06-26,Cash
513,155,3413,2023-05-23,Cash
514,155,1576,2023-02-01,Card
515,155,3084,2023-05-05,UPI
516,155,1161,2023-07-14,Card
517,155,537,2023-08-26,UPI
518,156,3090,2023-10-15,Cash
519,156,5742,2023-07-18,Card
520,156,168,2023-05-27,Cash
521,157,8408,2023-08-28,Card
522,157,2647,2023-05-22,Cash
523,157,945,2023-09-13,UPI
524,158,4677,2023-10-31,Card
525,158,2833,2023-06-18,Cash
526,158,1044,2023-11-04,Card
527,158,446,2023-06-27,UPI
528,159,2712,2023-12-13,Cash
529,159,288,2023-03-02,UPI
530,160,8423,2023-09-20,UPI
531,160,577,2023-12-26,Card
532,161,1748,2023-09-23,Card
533,161,1020,2023-05-20,UPI
534,161,232,2023-09-17,Cash
535,162,2337,2023-11-21,UPI
536,162,2257,2023-11-25,UPI
537,162,406,2023-07-23,UPI
538,163,6667,2023-03-08,Card
539,163,2631,2023-01-22,Cash
540,163,1708,2023-08-15,Cash
541,163,994,2023-08-09,Card
542,164,10123,2023-03-28,Card
543,164,1282,2023-03-25,UPI
544,164,595,2023-01-31,Cash
545,165,1758,2023-08-17,UPI
546,165,1053,2023-05-05,Cash
547,165,189,2023-10-14,Card
548,166,1290,2023-11-17,UPI
549,166,1085,2023-04-13,Cash
550,166,625,2023-10-11,Card
551,167,7086,2023-02-01,UPI
552,167,2164,2023-09-26,Cash
553,167,1613,2023-04-10,Cash
554,167,1043,2023-08-08,Cash
555,167,94,2023-07-10,Cash
556,168,2491,2023-01-29,UPI
557,168,509,2023-08-06,Card
558,169,2666,2023-04-22,UPI
559,169,334,2023-12-14,Cash
560,170,3287,2023-10-30,UPI
561,170,1343,2023-01-06,Cash
562,170,370,2023-06-05,Card
563,171,5508,2023-06-01,Cash
564,171,1432,2023-03-18,UPI
565,171,1666,2023-10-14,UPI
566,171,394,2023-01-30,Card
567,172,2513,2023-10-07,Card
568,172,487,2023-05-23,Card
569,173,1574,2023-09-27,UPI
570,173,1900,2023-10-13,Cash
571,173,1070,2023-07-10,Cash
572,173,456,2023-03-24,Card
573,174,7468,2023-07-12,Card
574,174,1752,2023-11-03,UPI
575,174,1212,2023-11-01,UPI
576,174,1124,2023-02-26,Card
577,174,444,2023-03-04,UPI
578,175,4758,2023-01-14,UPI
579,175,242,2023-05-12,UPI
580,176,1867,2023-03-01,Card
581,176,1084,2023-10-31,Cash
582,176,1891,2023-08-19,Card
583,176,158,2023-09-19,UPI
584,177,3532,2023-01-27,Card
585,177,7686,2023-07-21,Cash
586,177,782,2023-10-22,Cash
587,178,1447,2023-11-12,Card
588,178,2207,2023-11-06,Cash
589,178,1100,2023-04-15,Card
590,178,246,2023-12-21,Cash
591,179,1564,2023-03-02,UPI
592,179,1343,2023-09-20,Cash
593,179,93,2023-06-21,UPI
594,180,1653,2023-12-22,Card
595,180,3154,2023-11-09,UPI
596,180,193,2023-03-21,Cash
597,181,2541,2023-07-17,Cash
598,181,459,2023-05-11,Card
599,182,1287,2023-06-02,Card
600,182,1373,2023-09-15,Cash
601,182,340,2023-10-17,UPI
602,183,9816,2023-09-15,Cash
603,183,2152,2023-05-11,Card
604,183,32,2023-10-25,UPI
605,184,3170,2023-02-10,Cash
606,184,3737,2023-06-29,Card
607,184,1758,2023-07-19,Cash
608,184,335,2023-10-18,Cash
609,185,3025,2023-08-07,UPI
610,185,1285,2023-08-10,Card
611,185,2537,2023-12-17,UPI
612,185,1480,2023-09-20,Card
613,185,673,2023-11-11,Card
614,186,1191,2023-04-01,Cash
615,186,1436,2023-04-04,UPI
616,186,1054,2023-10-20,Card
617,186,6939,2023-11-29,Card
618,186,1099,2023-07-17,UPI
619,186,281,2023-02-17,UPI
620,187,3353,2023-08-29,Cash
621,187,3401,2023-08-27,UPI
622,187,4151,2023-10-14,Cash
623,187,1013,2023-09-27,Card
624,187,82,2023-08-01,UPI
625,188,3917,2023-04-16,UPI
626,188,2087,2023-10-23,Cash
627,188,1563,2023-06-19,Card
628,188,2839,2023-03-15,Card
629,188,1130,2023-06-28,Card
630,188,464,2023-12-06,Card
631,189,2480,2023-09-19,Card
632,189,520,2023-10-18,Cash
633,190,4086,2023-10-03,UPI
634,190,914,2023-09-07,UPI
635,191,9456,2023-10-11,Card
636,191,1128,2023-02-06,Cash
637,191,1338,2023-07-17,Cash
638,191,78,2023-11-29,Cash
639,192,2502,2023-06-02,Card
640,192,1750,2023-02-24,UPI
641,192,748,2023-05-18,UPI
642,193,3197,2023-11-20,Cash
643,193,1005,2023-04-18,Card
644,193,798,2023-09-01,Card
645,194,2718,2023-12-05,Cash
646,194,282,2023-06-14,Card
647,195,4137,2023-08-24,Cash
648,195,4071,2023-04-13,UPI
649,195,792,2023-06-04,UPI
650,196,6150,2023-12-30,Cash
651,196,1737,2023-02-27,UPI
652,196,1079,2023-09-28,UPI
653,196,34,2023-09-04,UPI
654,197,6630,2023-08-07,Cash
655,197,2555,2023-05-15,UPI
656,197,1618,2023-12-08,Card
657,197,1007,2023-08-18,Card
658,197,190,2023-11-13,UPI
659,198,2256,2023-06-09,UPI
660,198,744,2023-05-20,Card
661,199,8564,2023-11-09,UPI
662,199,436,2023-09-12,Card
663,200,3775,2023-02-15,Cash
664,200,3664,2023-09-23,UPI
665,200,3948,2023-07-26,UPI
666,200,613,2023-02-16,Card
667,201,5361,2023-05-17,UPI
668,201,4542,2023-09-25,Card
669,201,1105,2023-11-26,Cash
670,201,992,2023-01-03,UPI
671,202,8267,2023-06-20,UPI
672,202,733,2023-04-01,UPI
673,203,2953,2023-09-15,Cash
674,203,5656,2023-10-07,Card
675,203,1409,2023-09-27,Card
676,203,1201,2023-07-01,Card
677,203,781,2023-10-06,Card
678,204,1744,2023-08-25,UPI
679,204,1065,2023-06-19,Card
680,204,191,2023-05-18,Card
681,205,8434,2023-08-11,Card
682,205,1807,2023-09-25,Card
683,205,1400,2023-01-06,Cash
684,205,359,2023-12-08,Card
685,206,1704,2023-03-07,Cash
686,206,1191,2023-09-24,Card
687,206,105,2023-07-31,Card
688,207,2816,2023-12-06,Card
689,207,1724,2023-02-23,Card
690,207,460,2023-03-09,Card
691,208,8787,2023-05-27,UPI
692,208,213,2023-08-17,Cash
693,209,2748,2023-09-12,Cash
694,209,252,2023-08-27,Cash
695,210,7274,2023-04-14,Cash
696,210,1169,2023-01-16,Card
697,210,557,2023-07-07,Card
698,211,3831,2023-10-23,Card
699,211,1770,2024-01-01,UPI
700,211,3033,2023-12-21,Cash
701,211,366,2023-10-05,UPI
702,212,2332,2023-02-20,Cash
703,212,7812,2023-04-30,UPI
704,212,1346,2023-11-29,UPI
705,212,510,2023-07-23,Card
706,213,4342,2023-01-26,Card
707,213,1617,2023-06-06,UPI
708,213,5347,2023-04-08,Cash
709,213,694,2023-06-15,UPI
710,214,7885,2023-05-16,Cash
711,214,1579,2023-08-18,Card
712,214,1281,2023-01-10,Cash
713,214,1041,2023-06-16,Cash
714,214,214,2023-03-23,UPI
715,215,4378,2023-09-19,Cash
716,215,622,2023-11-27,Cash
717,216,2043,2023-09-20,Card
718,216,957,2023-08-01,UPI
719,217,4115,2023-03-10,Cash
720,217,4445,2023-07-16,Card
721,217,2317,2023-05-08,Card
722,217,1095,2023-11-24,UPI
723,217,28,2023-02-27,Cash
724,218,4458,2023-02-06,Card
725,218,1916,2023-01-09,UPI
726,218,2420,2023-04-07,Cash
727,218,206,2023-10-27,Card
728,219,2407,2023-04-09,UPI
729,219,593,2023-11-23,Card
730,220,3274,2023-10-26,UPI
731,220,6140,2023-06-28,Card
732,220,2299,2023-04-01,Cash
733,220,287,2023-10-17,Card
734,221,4288,2023-03-03,UPI
735,221,712,2023-03-17,UPI
736,222,1139,2023-02-20,UPI
737,222,1639,2023-05-10,UPI
738,222,2095,2023-03-19,UPI
739,222,127,2023-03-25,Cash
740,223,5373,2023-08-18,Card
741,223,2633,2023-01-14,Cash
742,223,994,2023-02-17,Card
743,224,2949,2023-03-20,Cash
744,224,4765,2023-07-14,Card
745,224,1253,2023-05-02,Card
746,224,33,2023-11-17,Cash
747,225,1807,2023-03-22,Cash
748,225,1573,2023-11-25,UPI
749,225,3724,2023-03-27,Card
750,225,1014,2023-12-26,UPI
751,225,3837,2023-01-30,Card
752,225,45,2023-10-26,Cash
753,226,4980,2023-04-20,Cash
754,226,20,2023-10-27,UPI
755,227,6586,2023-09-13,UPI
756,227,2111,2023-06-25,Cash
757,227,303,2023-05-31,Cash
758,228,2917,2023-10-26,UPI
759,228,83,2023-04-13,Card
760,229,7361,2023-02-10,UPI
761,229,1325,2023-03-31,UPI
762,229,1103,2023-11-08,UPI
763,229,1280,2023-03-26,Cash
764,229,931,2023-11-20,UPI
765,230,1190,2023-11-17,UPI
766,230,1808,2023-06-30,UPI
767,230,3095,2023-03-17,Card
768,230,1335,2023-06-15,Cash
769,230,1179,2023-04-23,Cash
770,230,393,2023-05-29,Card
771,231,8647,2023-03-20,UPI
772,231,3080,2023-02-22,UPI
773,231,273,2023-01-06,UPI
774,232,5754,2023-10-05,UPI
775,232,5655,2023-12-10,Card
776,232,591,2023-06-17,Cash
777,233,1488,2023-12-14,Card
778,233,1173,2023-04-12,UPI
779,233,339,2023-07-10,Card
780,234,6352,2023-03-22,Card
781,234,1874,2023-10-07,Cash
782,234,2988,2023-11-25,Card
783,234,786,2023-05-25,UPI
784,235,7678,2023-09-20,Cash
785,235,1503,2023-01-30,Card
786,235,1678,2023-06-10,Card
787,235,1090,2023-11-11,UPI
788,235,51,2023-06-28,Cash
789,236,1512,2023-01-10,Cash
790,236,1826,2023-10-18,Cash
791,236,1288,2023-03-18,Cash
792,236,374,2023-03-24,Cash
793,237,5320,2023-06-03,Cash
794,237,2312,2023-09-11,UPI
795,237,1363,2023-07-05,Cash
796,237,5,2023-01-31,Card
797,238,3484,2023-03-28,UPI
798,238,1509,2023-10-30,Card
799,238,7,2023-12-03,Cash
800,239,1894,2023-12-10,Cash
801,239,1049,2023-03-25,Cash
802,239,57,2023-06-10,Card
803,240,1258,2023-04-21,Card
804,240,1441,2023-08-10,UPI
805,240,301,2023-01-21,Card
806,241,3759,2023-07-12,Cash
807,241,3375,2023-09-25,Cash
808,241,1283,2023-11-06,Card
809,241,583,2023-09-09,Card
810,242,4519,2023-06-13,Card
811,242,4071,2023-02-16,UPI
812,242,410,2023-12-20,UPI
813,243,3770,2023-09-07,Card
814,243,3902,2023-06-04,Cash
815,243,1163,2023-06-09,UPI
816,243,165,2023-04-08,Cash
817,244,11122,2023-10-16,UPI
818,244,878,2023-09-24,UPI
819,245,3133,2023-09-11,Cash
820,245,2327,2023-07-27,UPI
821,245,2914,2023-01-05,Card
822,245,1182,2023-03-27,Card
823,245,1338,2023-06-15,Cash
824,245,1028,2023-08-08,Cash
825,245,78,2023-07-09,Card
826,246,7312,2023-11-05,UPI
827,246,1286,2023-05-06,Cash
828,246,2953,2023-05-08,Cash
829,246,449,2023-01-04,UPI
830,247,1530,2023-10-01,UPI
831,247,7189,2023-01-18,Cash
832,247,281,2023-03-06,Cash
833,248,8582,2023-05-27,Cash
834,248,1243,2023-02-20,Card
835,248,1058,2023-06-18,Cash
836,248,1113,2023-06-01,UPI
837,248,4,2023-04-06,UPI
838,249,1373,2023-07-26,Cash
839,249,1016,2023-01-05,UPI
840,249,2000,2023-06-26,Cash
841,249,611,2023-05-12,Cash
842,250,2828,2023-07-23,Cash
843,250,1321,2023-05-04,Cash
844,250,851,2023-07-21,UPI
845,251,2925,2023-09-10,Card
846,251,1861,2023-01-17,Card
847,251,214,2023-08-04,Cash
848,252,1047,2023-01-19,Card
849,252,1669,2023-05-18,Cash
850,252,284,2023-07-15,Cash
851,253,7328,2023-06-11,Card
852,253,1143,2023-01-04,Card
853,253,529,2023-11-15,Card
854,254,3417,2023-12-03,Cash
855,254,1136,2023-10-17,Cash
856,254,447,2023-02-12,Cash
857,255,3059,2023-06-24,Cash
858,255,1857,2023-07-11,UPI
859,255,84,2023-02-01,Cash
860,256,10266,2023-11-29,UPI
861,256,1278,2023-03-26,Cash
862,256,456,2023-07-02,UPI
863,257,1077,2023-03-29,Cash
864,257,1300,2023-07-26,UPI
865,257,623,2023-05-05,Card
866,258,1206,2023-10-27,Cash
867,258,1799,2023-06-13,UPI
868,258,1000,2023-09-08,UPI
869,258,995,2023-03-31,Card
870,259,3304,2023-07-04,UPI
871,259,5537,2023-07-16,Card
872,259,1400,2023-05-28,Cash
873,259,1042,2023-04-13,UPI
874,259,717,2023-04-01,Card
875,260,1537,2023-05-17,Cash
876,260,2013,2023-06-20,UPI
877,260,1362,2023-04-09,Cash
878,260,88,2023-12-01,Card
879,261,4398,2023-03-01,Cash
880,261,602,2023-07-09,Card
881,262,2242,2023-05-01,UPI
882,262,758,2023-10-03,Card
883,263,1325,2023-02-20,Cash
884,263,3272,2023-09-24,Card
885,263,403,2023-03-25,UPI
886,264,3699,2023-08-13,Card
887,264,5247,2023-03-29,Cash
888,264,54,2023-03-03,UPI
889,265,3111,2023-09-05,UPI
890,265,1463,2023-11-10,Cash
891,265,426,2023-10-07,Cash
892,266,4919,2023-10-05,Cash
893,266,81,2023-09-28,Card
894,267,2931,2023-05-08,Card
895,267,69,2023-10-08,Card
896,268,4063,2023-11-04,Cash
897,268,4277,2023-06-08,UPI
898,268,660,2023-07-29,UPI
899,269,11647,2023-11-18,Cash
900,269,353,2023-01-13,Cash
901,270,6900,2023-07-01,UPI
902,270,1660,2023-01-29,UPI
903,270,1829,2023-05-19,Card
904,270,1572,2023-11-23,UPI
905,270,39,2023-09-02,UPI
906,271,1684,2023-06-09,Card
907,271,1291,2023-11-19,Cash
908,271,25,2023-12-04,Card
909,272,2284,2023-03-10,UPI
910,272,716,2023-12-20,Card
911,273,1127,2023-10-01,Cash
912,273,1265,2023-11-24,Card
913,273,608,2023-10-18,Card
914,274,2229,2023-11-29,Card
915,274,4194,2023-09-06,Cash
916,274,1557,2023-08-04,Card
917,274,2551,2023-04-22,Card
918,274,1141,2023-09-20,Card
919,274,328,2023-07-31,Cash
920,275,4432,2023-12-01,Cash
921,275,1763,2023-01-12,Cash
922,275,2386,2023-11-08,Cash
923,275,1655,2023-11-26,Card
924,275,1014,2023-10-07,UPI
925,275,750,2023-04-20,Card
926,276,2089,2023-12-10,Card
927,276,911,2023-03-01,Cash
928,277,7522,2023-04-15,Cash
929,277,3085,2023-03-31,Card
930,277,1125,2023-06-01,Card
931,277,268,2023-01-21,UPI
932,278,4459,2023-03-07,Card
933,278,541,2023-09-05,Card
934,279,11869,2023-08-28,Cash
935,279,131,2023-08-15,UPI
936,280,8110,2023-09-17,Cash
937,280,2422,2023-11-02,Card
938,280,1285,2023-09-05,Cash
939,280,183,2023-11-18,UPI
940,281,1128,2023-08-08,UPI
941,281,1710,2023-09-26,UPI
942,281,2152,2023-05-08,Card
943,281,10,2023-03-13,UPI
944,282,1714,2023-04-11,UPI
945,282,1038,2023-12-20,Card
946,282,248,2023-09-26,UPI
947,283,3459,2023-05-27,Cash
948,283,1607,2023-06-01,Card
949,283,3004,2023-07-10,UPI
950,283,3077,2023-09-18,UPI
951,283,853,2023-08-21,Card
952,284,2304,2023-07-17,UPI
953,284,696,2023-06-20,UPI
954,285,3586,2023-07-01,Card
955,285,1345,2023-03-02,Cash
956,285,69,2023-07-22,Cash
957,286,7887,2023-04-18,UPI
958,286,3040,2023-07-13,UPI
959,286,1004,2023-10-17,Card
960,286,69,2023-05-22,Card
961,287,4997,2023-05-16,Card
962,287,3,2023-09-05,UPI
963,288,7891,2023-12-27,UPI
964,288,2546,2023-10-19,UPI
965,288,1415,2023-04-29,Cash
966,288,148,2023-04-30,Card
967,289,4317,2023-12-30,Cash
968,289,683,2023-12-30,Cash
969,290,4395,2023-08-12,Card
970,290,605,2023-08-11,Cash
971,291,2771,2023-03-23,Cash
972,291,1760,2023-02-12,UPI
973,291,469,2023-11-04,Card
974,292,1070,2023-08-10,Card
975,292,4853,2023-02-27,Cash
976,292,2005,2023-09-20,UPI
977,292,3255,2023-08-02,UPI
978,292,817,2023-12-27,Card
979,293,5196,2023-12-14,UPI
980,293,1569,2023-10-08,UPI
981,293,4112,2023-03-28,Cash
982,293,1017,2023-01-03,Cash
983,293,106,2023-11-04,Cash
984,294,11608,2023-10-07,Card
985,294,392,2023-04-09,Card
986,295,6773,2023-02-17,UPI
987,295,1071,2023-08-06,UPI
988,295,1117,2023-06-05,Cash
989,295,39,2023-01-19,Cash
990,296,10994,2023-02-09,UPI
991,296,1001,2023-07-07,Card
992,296,5,2023-07-10,Cash
993,297,4417,2023-12-22,Card
994,297,2375,2023-09-27,UPI
995,297,3574,2023-07-07,Card
996,297,1568,2023-06-01,Cash
997,297,66,2023-02-22,UPI
998,298,4990,2023-05-26,Card
999,298,10,2023-01-21,UPI
1000,299,2866,2023-07-21,Cash
1001,299,3273,2023-02-10,UPI
1002,299,1952,2023-04-22,Cash
1003,299,1175,2023-09-17,Card
1004,299,1941,2023-11-21,UPI
1005,299,793,2023-06-20,Card
1006,300,2724,2023-03-15,UPI
1007,300,276,2023-12-18,UPI
1008,301,2952,2023-03-09,Cash
1009,301,1702,2023-06-08,Cash
1010,301,346,2023-06-25,Cash
1011,302,9010,2023-11-19,Card
1012,302,2109,2023-02-26,Cash
1013,302,881,2023-04-16,Cash
1014,303,5753,2023-03-18,UPI
1015,303,2768,2023-11-07,UPI
1016,303,479,2023-08-30,UPI
1017,304,7098,2023-09-17,UPI
1018,304,1136,2023-10-22,Card
1019,304,766,2023-01-10,Cash
1020,305,4377,2023-12-22,Card
1021,305,623,2023-09-03,UPI
1022,306,3174,2023-01-26,Card
1023,306,1062,2023-01-18,Card
1024,306,764,2023-03-16,Cash
1025,307,6115,2023-09-03,Card
1026,307,2232,2023-11-07,UPI
1027,307,653,2023-11-27,UPI
1028,308,1067,2023-06-09,UPI
1029,308,5673,2023-08-16,Cash
1030,308,1436,2023-05-15,Card
1031,308,824,2023-11-29,Cash
1032,309,1784,2023-06-28,Card
1033,309,1310,2023-07-11,UPI
1034,309,4098,2023-08-28,Card
1035,309,4635,2023-09-19,UPI
1036,309,173,2023-06-21,Card
1037,310,2088,2023-02-27,Card
1038,310,2655,2023-12-27,Cash
1039,310,257,2023-07-23,UPI
1040,311,5561,2023-02-12,UPI
1041,311,4609,2023-05-09,Cash
1042,311,1549,2023-12-29,Card
1043,311,281,2023-12-08,Cash
1044,312,2422,2023-10-05,UPI
1045,312,1192,2023-03-30,Card
1046,312,1319,2023-10-22,Card
1047,312,67,2023-11-24,Card
1048,313,10133,2023-11-04,Cash
1049,313,1244,2023-10-03,UPI
1050,313,623,2023-06-26,UPI
1051,314,11869,2023-09-05,Card
1052,314,131,2023-11-23,UPI
1053,315,3403,2023-02-12,Cash
1054,315,8075,2023-06-09,Cash
1055,315,522,2023-07-01,Card
1056,316,2897,2023-02-25,UPI
1057,316,103,2023-02-24,Card
1058,317,1184,2023-04-26,Cash
1059,317,3379,2023-04-01,Cash
1060,317,437,2023-06-09,Cash
1061,318,2964,2023-02-07,UPI
1062,318,1483,2023-08-06,Card
1063,318,1942,2023-04-21,UPI
1064,318,2042,2023-08-28,UPI
1065,318,569,2023-06-18,Cash
1066,319,2484,2023-07-19,Card
1067,319,2474,2023-09-28,Card
1068,319,42,2023-05-13,Cash
1069,320,2493,2023-11-15,Card
1070,320,5295,2023-09-10,Card
1071,320,1476,2023-03-29,Cash
1072,320,1701,2023-05-09,Cash
1073,320,1007,2023-04-13,UPI
1074,320,28,2023-02-11,Card
1075,321,10265,2023-02-19,Card
1076,321,1580,2023-07-03,Card
1077,321,155,2023-03-27,UPI
1078,322,5869,2023-06-12,Cash
1079,322,2356,2023-12-12,Card
1080,322,1146,2023-11-16,Card
1081,322,2349,2023-11-07,UPI
1082,322,280,2023-05-04,Cash
1083,323,2422,2023-02-09,Card
1084,323,7536,2023-10-25,Cash
1085,323,1371,2023-06-28,UPI
1086,323,671,2023-06-09,Cash
1087,324,7329,2023-09-06,Card
1088,324,3942,2023-04-15,UPI
1089,324,729,2023-01-06,UPI
1090,325,5457,2023-03-31,Cash
1091,325,2744,2023-10-10,UPI
1092,325,2820,2023-09-27,Card
1093,325,979,2023-01-06,Cash
1094,326,5706,2023-09-26,Card
1095,326,3888,2023-05-15,Cash
1096,326,2380,2023-10-23,Cash
1097,326,26,2023-03-30,Cash
1098,327,2894,2023-04-02,Cash
1099,327,106,2023-08-28,Cash
1100,328,1521,2023-12-27,Cash
1101,328,1442,2023-10-18,Cash
1102,328,37,2023-04-28,Card
1103,329,3588,2023-11-10,Cash
1104,329,1325,2023-01-25,Card
1105,329,87,2023-08-06,Cash
1106,330,4015,2023-05-30,Card
1107,330,4730,2023-01-17,Card
1108,330,255,2023-10-16,UPI
1109,331,2396,2023-02-20,Cash
1110,331,1132,2023-10-14,Card
1111,331,1048,2023-11-29,Card
1112,331,424,2023-01-15,Card
1113,332,8885,2023-12-02,Cash
1114,332,115,2024-01-01,Card
1115,333,1475,2023-08-21,UPI
1116,333,1278,2023-01-21,Cash
1117,333,247,2023-08-10,Cash
1118,334,4852,2023-08-18,Card
1119,334,148,2023-02-07,Card
1120,335,5205,2023-03-10,Cash
1121,335,1583,2023-08-09,Card
1122,335,1013,2023-07-03,UPI
1123,335,1043,2023-04-08,Cash
1124,335,156,2023-09-25,UPI
1125,336,3223,2023-10-07,Card
1126,336,1465,2023-06-27,UPI
1127,336,312,2023-10-21,UPI
1128,337,2397,2023-10-15,Card
1129,337,7361,2023-08-07,Card
1130,337,1901,2023-02-02,UPI
1131,337,341,2023-12-22,Card
1132,338,1347,2023-06-10,Card
1133,338,6821,2023-01-22,Cash
1134,338,832,2023-11-04,Cash
1135,339,2283,2023-01-15,Cash
1136,339,1756,2023-08-01,Cash
1137,339,961,2023-11-15,Card
1138,340,5123,2023-01-20,Card
1139,340,3814,2023-08-10,Card
1140,340,2696,2023-10-01,Card
1141,340,367,2023-04-18,UPI
1142,341,2133,2023-11-13,Card
1143,341,867,2023-10-09,UPI
1144,342,8826,2023-09-15,Cash
1145,342,174,2023-01-12,Cash
1146,343,2851,2023-03-08,Card
1147,343,149,2023-08-06,Card
1148,344,6024,2023-11-29,UPI
1149,344,1190,2023-03-19,Card
1150,344,1617,2023-07-21,Cash
1151,344,169,2023-03-03,Card
1152,345,5188,2023-09-21,UPI
1153,345,3236,2023-11-30,Card
1154,345,576,2023-08-04,Cash
1155,346,4814,2023-07-11,UPI
1156,346,186,2023-11-11,UPI
1157,347,2154,2023-04-21,Card
1158,347,1195,2023-06-11,Cash
1159,347,1091,2023-02-25,Card
1160,347,560,2023-07-26,Cash
1161,348,1846,2023-10-29,UPI
1162,348,4263,2023-01-18,UPI
1163,348,2472,2023-06-14,Cash
1164,348,419,2023-07-14,Card
1165,349,1328,2023-01-18,Card
1166,349,1355,2023-10-16,Cash
1167,349,3832,2023-05-02,Card
1168,349,4666,2023-08-03,Cash
1169,349,819,2023-01-31,Card
1170,350,1712,2023-07-04,Card
1171,350,1193,2023-07-06,Card
1172,350,95,2023-03-28,Cash
1173,351,10869,2023-09-29,Cash
1174,351,1032,2023-05-25,Card
1175,351,99,2023-03-20,UPI
1176,352,2388,2023-05-27,Card
1177,352,2263,2023-08-14,Cash
1178,352,349,2023-06-23,Card
1179,353,1553,2023-11-26,UPI
1180,353,6912,2023-09-16,Card
1181,353,535,2023-07-13,UPI
1182,354,5295,2023-05-20,Cash
1183,354,1456,2023-12-11,Cash
1184,354,3077,2023-01-20,Cash
1185,354,1607,2023-06-28,Cash
1186,354,565,2023-04-06,Card
1187,355,6862,2023-07-27,Cash
1188,355,1431,2023-02-22,Card
1189,355,707,2023-01-06,Card
1190,356,3600,2023-09-20,Card
1191,356,1074,2023-11-02,UPI
1192,356,326,2023-05-25,Card
1193,357,4310,2023-08-25,Card
1194,357,690,2023-09-10,Cash
1195,358,1326,2023-09-24,Card
1196,358,3440,2023-09-09,Cash
1197,358,2161,2023-11-19,Card
1198,358,1299,2023-06-06,Cash
1199,358,774,2023-03-25,Cash
1200,359,4846,2023-05-31,Cash
1201,359,1063,2023-02-11,Cash
1202,359,2062,2023-03-22,UPI
1203,359,1008,2023-08-24,Card
1204,359,21,2023-04-05,Cash
1205,360,2615,2023-02-16,UPI
1206,360,385,2023-04-11,UPI
1207,361,4695,2023-01-04,Cash
1208,361,305,2023-04-11,UPI
1209,362,10696,2023-07-02,Cash
1210,362,1079,2023-04-01,Card
1211,362,225,2023-06-28,Cash
1212,363,7019,2023-06-23,UPI
1213,363,1900,2023-04-14,UPI
1214,363,1911,2023-07-31,Card
1215,363,1168,2023-11-13,Card
1216,363,2,2023-12-17,UPI
1217,364,3172,2023-11-13,Cash
1218,364,1536,2023-12-17,Card
1219,364,292,2023-11-03,Card
1220,365,3370,2023-10-14,UPI
1221,365,3439,2023-02-28,Cash
1222,365,2031,2023-04-21,UPI
1223,365,160,2023-05-10,UPI
1224,366,1237,2023-10-01,Cash
1225,366,3338,2023-11-06,Card
1226,366,425,2023-11-09,Cash
1227,367,9624,2023-10-25,Cash
1228,367,1554,2023-11-21,UPI
1229,367,822,2023-06-08,Card
1230,368,1750,2023-11-18,UPI
1231,368,2452,2023-11-20,Cash
1232,368,798,2023-04-25,UPI
1233,369,1487,2023-04-28,UPI
1234,369,1718,2023-05-26,Card
1235,369,1656,2023-11-06,UPI
1236,369,139,2023-09-02,UPI
1237,370,1461,2023-05-27,Card
1238,370,2951,2023-07-02,Cash
1239,370,588,2023-07-13,UPI
1240,371,1875,2023-06-11,Card
1241,371,4293,2023-09-12,UPI
1242,371,1546,2023-11-28,UPI
1243,371,1024,2023-08-19,UPI
1244,371,262,2023-09-22,UPI
1245,372,4034,2023-06-02,UPI
1246,372,966,2023-12-16,Card
1247,373,3041,2023-02-11,UPI
1248,373,3981,2023-05-10,Card
1249,373,1383,2023-07-29,Cash
1250,373,595,2023-07-25,Cash
1251,374,1823,2023-04-05,UPI
1252,374,1022,2023-08-12,Cash
1253,374,2101,2023-09-06,Card
1254,374,54,2023-04-09,Card
1255,375,1496,2023-05-04,UPI
1256,375,1039,2023-01-16,Cash
1257,375,465,2023-05-12,Cash
1258,376,8875,2023-05-20,UPI
1259,376,125,2023-11-12,Cash
1260,377,2232,2023-05-25,UPI
1261,377,768,2023-05-14,UPI
1262,378,2584,2023-10-16,UPI
1263,378,416,2023-11-14,Cash
1264,379,3974,2023-07-29,Card
1265,379,1002,2023-09-05,Card
1266,379,24,2023-05-13,Cash
1267,380,2628,2023-09-27,Card
1268,380,372,2023-11-21,Cash
1269,381,3403,2023-09-14,UPI
1270,381,1503,2023-11-17,Card
1271,381,94,2023-08-25,UPI
1272,382,9216,2023-02-02,Card
1273,382,2231,2023-02-16,Cash
1274,382,553,2023-10-27,UPI
1275,383,6681,2023-04-08,Card
1276,383,2250,2023-11-11,UPI
1277,383,69,2023-09-20,Card
1278,384,9789,2023-10-09,Card
1279,384,1735,2023-02-25,Cash
1280,384,476,2023-05-06,UPI
1281,385,7083,2023-10-10,Card
1282,385,3113,2023-05-28,UPI
1283,385,1609,2023-07-14,Cash
1284,385,195,2023-04-24,Cash
1285,386,2950,2023-06-22,UPI
1286,386,50,2023-09-08,Card
1287,387,9272,2023-10-19,Card
1288,387,2680,2023-12-07,Card
1289,387,48,2023-07-13,Card
1290,388,8492,2023-04-08,Cash
1291,388,2365,2023-03-30,Cash
1292,388,1003,2023-12-09,UPI
1293,388,140,2023-08-22,UPI
1294,389,1078,2023-02-03,Card
1295,389,2356,2023-10-21,Card
1296,389,1222,2023-03-29,Cash
1297,389,344,2023-08-08,Cash
1298,390,4226,2023-11-30,Cash
1299,390,1379,2023-06-25,Card
1300,390,3006,2023-07-06,Card
1301,390,389,2023-11-12,Card
1302,391,1943,2023-12-11,UPI
1303,391,5883,2023-03-13,UPI
1304,391,1031,2023-09-15,Card
1305,391,143,2023-11-27,Card
1306,392,2467,2023-10-16,UPI
1307,392,533,2023-12-06,UPI
1308,393,1204,2023-11-19,UPI
1309,393,1041,2023-06-05,UPI
1310,393,755,2023-06-20,Card
1311,394,4289,2023-06-08,Card
1312,394,711,2023-07-18,Cash
1313,395,9321,2023-10-24,Cash
1314,395,1653,2023-06-07,Card
1315,395,1022,2023-05-10,Card
1316,395,4,2023-05-07,Cash
1317,396,4941,2023-08-05,Card
1318,396,59,2023-07-16,Card
1319,397,6410,2023-08-04,Card
1320,397,1546,2023-04-16,UPI
1321,397,1015,2023-07-12,Cash
1322,397,29,2023-12-27,Cash
1323,398,2516,2023-01-23,UPI
1324,398,7323,2023-06-27,UPI
1325,398,1527,2023-08-27,Card
1326,398,634,2023-07-15,Cash
1327,399,1529,2023-10-05,Cash
1328,399,1164,2023-05-28,UPI
1329,399,307,2023-07-29,Cash
1330,400,2624,2023-12-08,Card
1331,400,376,2023-12-02,Card
1332,401,1045,2023-05-11,Card
1333,401,1804,2023-06-16,Cash
1334,401,151,2023-10-05,Cash
1335,402,4948,2023-06-14,Card
1336,402,2498,2023-12-01,Card
1337,402,1073,2023-12-31,UPI
1338,402,481,2023-11-26,UPI
1339,403,2949,2023-09-12,UPI
1340,403,1539,2023-08-04,Cash
1341,403,512,2023-03-14,Card
1342,404,11970,2023-04-29,UPI
1343,404,30,2023-06-07,Card
1344,405,2792,2023-06-08,Card
1345,405,208,2023-07-07,UPI
1346,406,11754,2023-05-04,UPI
1347,406,246,2023-07-08,UPI
1348,407,3586,2023-07-08,Card
1349,407,1123,2023-10-16,UPI
1350,407,291,2023-04-19,UPI
1351,408,8459,2023-05-25,UPI
1352,408,1457,2023-09-28,UPI
1353,408,1839,2023-01-15,UPI
1354,408,245,2023-08-19,UPI
1355,409,11471,2023-07-10,UPI
1356,409,529,2023-07-10,Cash
1357,410,2252,2023-06-29,UPI
1358,410,748,2023-07-27,Cash
1359,411,3779,2023-04-06,UPI
1360,411,7475,2023-07-14,UPI
1361,411,746,2023-08-29,Card
1362,412,2615,2023-11-29,UPI
1363,412,1760,2023-03-24,UPI
1364,412,625,2023-05-31,Card
1365,413,1486,2023-12-27,UPI
1366,413,1047,2023-11-14,Cash
1367,413,467,2023-01-23,UPI
1368,414,1516,2023-07-25,UPI
1369,414,1406,2023-05-09,Card
1370,414,78,2023-03-08,UPI
1371,415,3019,2023-02-25,Card
1372,415,2645,2023-06-17,Card
1373,415,2011,2023-12-07,Cash
1374,415,1296,2023-04-13,Card
1375,415,29,2023-05-28,Cash
1376,416,7832,2023-04-21,Cash
1377,416,1076,2023-05-19,Cash
1378,416,92,2023-12-19,Card
1379,417,5749,2023-11-20,Card
1380,417,1412,2023-12-23,UPI
1381,417,1098,2023-07-14,Cash
1382,417,741,2023-01-23,Card
1383,418,2911,2023-03-17,Cash
1384,418,1740,2023-05-05,Card
1385,418,349,2023-06-26,Cash
1386,419,1363,2023-12-14,Card
1387,419,1113,2023-10-13,Card
1388,419,524,2023-02-08,Card
1389,420,1076,2023-02-24,UPI
1390,420,1525,2023-05-01,Card
1391,420,399,2023-12-19,Cash
1392,421,5346,2023-08-31,UPI
1393,421,5405,2023-11-24,Card
1394,421,1166,2023-01-16,Cash
1395,421,83,2023-11-05,UPI
1396,422,3982,2023-09-21,Card
1397,422,1138,2023-09-10,UPI
1398,422,3682,2023-07-22,Card
1399,422,198,2023-04-30,Cash
1400,423,4379,2023-04-21,UPI
1401,423,621,2023-12-22,Card
1402,424,4429,2023-06-19,Cash
1403,424,571,2023-06-10,UPI
1404,425,1915,2023-11-14,Card
1405,425,1882,2023-05-13,Card
1406,425,1186,2023-12-26,Cash
1407,425,17,2023-10-27,Cash
1408,426,1268,2023-06-18,UPI
1409,426,1183,2023-08-18,Cash
1410,426,549,2023-10-14,Cash
1411,427,2834,2023-09-22,Card
1412,427,166,2023-06-28,UPI
1413,428,7679,2023-06-07,UPI
1414,428,2140,2023-10-05,Cash
1415,428,1415,2023-08-15,UPI
1416,428,766,2023-06-26,UPI
1417,429,1640,2023-01-10,Card
1418,429,1033,2023-08-31,Card
1419,429,327,2023-11-24,Cash
1420,430,6637,2023-03-04,Cash
1421,430,2207,2023-11-20,UPI
1422,430,156,2023-11-08,Card
1423,431,1500,2023-01-22,Cash
1424,431,1050,2023-04-02,UPI
1425,431,450,2023-04-03,Cash
1426,432,8637,2023-03-11,Cash
1427,432,363,2023-09-02,UPI
1428,433,1818,2023-02-28,Cash
1429,433,2590,2023-07-22,Card
1430,433,592,2023-08-13,Cash
1431,434,2706,2023-02-06,Card
1432,434,5439,2023-05-27,UPI
1433,434,855,2023-08-02,UPI
1434,435,6929,2023-12-13,Card
1435,435,1881,2023-09-12,UPI
1436,435,190,2023-01-30,Cash
1437,436,1033,2023-02-07,UPI
1438,436,1221,2023-03-04,Card
1439,436,2841,2023-12-15,Cash
1440,436,2145,2023-01-28,Cash
1441,436,1139,2023-03-09,Card
1442,436,621,2023-09-26,UPI
1443,437,2685,2023-12-21,Card
1444,437,315,2023-05-16,UPI
1445,438,7740,2023-05-05,Cash
1446,438,2178,2023-08-28,UPI
1447,438,1278,2023-06-02,Cash
1448,438,804,2023-11-22,Card
1449,439,1552,2023-11-07,Cash
1450,439,1994,2023-01-13,UPI
1451,439,2921,2023-05-11,Cash
1452,439,1654,2023-09-03,Cash
1453,439,879,2023-01-31,Card
1454,440,1203,2023-05-27,Card
1455,440,1593,2023-02-08,Card
1456,440,204,2023-09-17,Cash
1457,441,1656,2023-05-09,UPI
1458,441,2679,2023-05-23,UPI
1459,441,665,2023-12-08,Card
1460,442,3438,2023-12-17,Cash
1461,442,2962,2023-03-22,Card
1462,442,2321,2023-07-02,UPI
1463,442,279,2023-07-10,Card
1464,443,3394,2023-03-22,UPI
1465,443,4149,2023-09-02,UPI
1466,443,2628,2023-05-26,Cash
1467,443,1786,2023-09-10,Card
1468,443,43,2023-11-27,Card
1469,444,3814,2023-12-18,Cash
1470,444,1060,2023-10-03,UPI
1471,444,126,2023-10-15,Card
1472,445,6639,2023-07-28,UPI
1473,445,2121,2023-12-30,Cash
1474,445,1008,2023-10-07,UPI
1475,445,1342,2023-04-14,Card
1476,445,890,2023-05-23,Cash
1477,446,1346,2023-12-01,Cash
1478,446,1249,2023-05-02,Card
1479,446,405,2023-12-19,Card
1480,447,4128,2023-11-19,Card
1481,447,2576,2023-08-30,UPI
1482,447,1989,2023-12-12,Card
1483,447,307,2023-08-06,UPI
1484,448,2332,2023-02-08,Card
1485,448,668,2023-10-01,UPI
1486,449,3865,2023-01-19,Card
1487,449,7035,2023-07-31,Card
1488,449,1041,2023-06-07,Cash
1489,449,59,2023-07-28,Cash
1490,450,4007,2023-01-11,Cash
1491,450,993,2023-05-15,UPI
1492,451,3071,2023-11-12,Card
1493,451,2698,2023-12-26,UPI
1494,451,2833,2023-06-03,Card
1495,451,398,2023-08-23,Card
1496,452,4304,2023-06-20,Cash
1497,452,696,2023-12-08,Cash
1498,453,3603,2023-08-23,UPI
1499,453,4652,2023-01-15,Card
1500,453,745,2023-01-17,Card
1501,454,2411,2023-06-25,UPI
1502,454,6813,2023-02-27,UPI
1503,454,2446,2023-01-31,Cash
1504,454,330,2023-10-12,Card
1505,455,5956,2023-02-09,Card
1506,455,1638,2023-07-19,UPI
1507,455,1313,2023-04-11,Cash
1508,455,93,2023-02-18,UPI
1509,456,2945,2023-06-01,Card
1510,456,55,2023-01-11,Card
1511,457,2970,2023-05-04,Card
1512,457,30,2023-02-27,UPI
1513,458,2032,2023-05-07,Cash
1514,458,968,2023-12-02,Card
1515,459,1758,2023-02-16,UPI
1516,459,1087,2023-04-04,Cash
1517,459,155,2023-10-02,UPI
1518,460,2606,2023-02-19,Card
1519,460,394,2023-08-17,Cash
1520,461,3504,2023-02-12,Card
1521,461,1429,2023-08-14,Cash
1522,461,67,2023-05-03,UPI
1523,462,6267,2023-04-12,UPI
1524,462,1387,2023-10-15,UPI
1525,462,1031,2023-01-15,Card
1526,462,315,2023-12-28,UPI
1527,463,2223,2023-05-28,Cash
1528,463,777,2023-03-13,UPI
1529,464,1357,2023-01-03,Card
1530,464,1529,2023-01-04,UPI
1531,464,114,2023-01-01,Cash
1532,465,8025,2023-10-14,Card
1533,465,975,2023-06-05,Card
1534,466,2477,2023-01-24,Card
1535,466,4512,2023-10-15,Cash
1536,466,1610,2023-06-21,Card
1537,466,401,2023-10-12,Card
1538,467,1598,2023-02-08,Card
1539,467,1025,2023-10-15,UPI
1540,467,377,2023-12-19,Card
1541,468,2108,2023-06-18,Card
1542,468,892,2023-05-09,Card
1543,469,2196,2023-03-20,Card
1544,469,804,2023-01-23,Cash
1545,470,2028,2023-06-23,UPI
1546,470,6366,2023-01-10,UPI
1547,470,606,2023-10-07,Card
1548,471,6597,2023-02-01,Cash
1549,471,1988,2023-08-07,Card
1550,471,415,2023-11-12,UPI
1551,472,2757,2023-07-01,Cash
1552,472,1537,2023-01-04,UPI
1553,472,4177,2023-04-03,Card
1554,472,3403,2023-06-23,Cash
1555,472,126,2023-01-08,Card
1556,473,2905,2023-07-13,UPI
1557,473,95,2023-07-03,Cash
1558,474,1576,2023-04-21,UPI
1559,474,3085,2023-02-12,UPI
1560,474,339,2023-04-06,UPI
1561,475,2580,2023-01-12,UPI
1562,475,1234,2023-11-25,Cash
1563,475,1096,2023-06-11,UPI
1564,475,90,2023-10-09,Cash
1565,476,3766,2023-06-25,UPI
1566,476,2640,2023-04-10,Card
1567,476,2267,2023-04-14,Card
1568,476,327,2023-02-08,Card
1569,477,8323,2023-09-09,UPI
1570,477,2170,2023-01-02,Cash
1571,477,1433,2023-03-20,Cash
1572,477,74,2023-04-26,Card
1573,478,2832,2023-09-01,Card
1574,478,168,2023-03-08,Cash
1575,479,3779,2023-10-19,Cash
1576,479,2322,2023-06-27,Cash
1577,479,2090,2023-10-26,UPI
1578,479,809,2023-03-10,Card
1579,480,4495,2023-05-26,Cash
1580,480,505,2023-03-08,Cash
1581,481,2009,2023-10-07,Card
1582,481,1649,2023-03-06,Card
1583,481,1089,2023-11-24,Cash
1584,481,253,2023-11-27,UPI
1585,482,2517,2023-09-06,UPI
1586,482,3644,2023-06-29,Card
1587,482,2137,2023-09-05,Card
1588,482,702,2023-06-27,Card
1589,483,3816,2023-09-25,UPI
1590,483,1096,2023-07-12,Card
1591,483,88,2023-10-08,Card
1592,484,1820,2023-02-14,Cash
1593,484,2399,2023-09-17,Card
1594,484,1919,2023-12-22,Card
1595,484,1170,2023-08-24,Card
1596,484,1056,2023-10-21,Card
1597,484,636,2023-11-24,Card
1598,485,3576,2023-06-14,UPI
1599,485,1183,2023-09-27,Card
1600,485,241,2023-10-23,UPI
1601,486,2434,2023-11-15,Card
1602,486,566,2023-05-26,UPI
1603,487,4124,2023-07-20,Cash
1604,487,876,2023-04-05,UPI
1605,488,1279,2023-03-24,Cash
1606,488,3511,2023-06-10,Cash
1607,488,6597,2023-03-12,UPI
1608,488,613,2023-08-06,UPI
1609,489,6561,2023-10-01,Card
1610,489,4145,2023-01-04,Card
1611,489,1190,2023-06-29,Card
1612,489,104,2023-03-12,Card
1613,490,2633,2023-05-07,UPI
1614,490,367,2023-02-27,Card
1615,491,2062,2023-06-03,Cash
1616,491,2649,2023-10-08,Card
1617,491,289,2023-04-21,UPI
1618,492,4495,2023-08-21,Card
1619,492,505,2023-06-01,Cash
1620,493,1816,2023-02-09,Card
1621,493,2023,2023-07-12,UPI
1622,493,5458,2023-02-25,Cash
1623,493,1808,2023-05-29,UPI
1624,493,895,2023-11-08,UPI
1625,494,3316,2023-08-28,Card
1626,494,1477,2023-11-25,Cash
1627,494,207,2023-01-31,Card
1628,495,9977,2023-01-30,UPI
1629,495,1832,2023-01-23,Card
1630,495,191,2023-05-22,UPI
1631,496,1320,2023-09-18,Card
1632,496,2395,2023-03-24,Card
1633,496,1239,2023-01-07,Cash
1634,496,46,2023-10-12,Cash
1635,497,4243,2023-10-03,UPI
1636,497,1042,2023-08-08,Cash
1637,497,5716,2023-12-21,UPI
1638,497,999,2023-09-17,UPI
1639,498,4990,2023-01-24,Card
1640,498,5288,2023-04-27,Cash
1641,498,1639,2023-03-22,Cash
1642,498,83,2023-06-04,Card
1643,499,5934,2023-02-08,Card
1644,499,1448,2023-06-14,Card
1645,499,1693,2023-11-19,UPI
1646,499,1337,2023-05-20,UPI
1647,499,1426,2023-02-23,Card
1648,499,162,2023-11-19,Card
1649,500,1882,2023-05-19,Card
1650,500,1034,2023-06-28,Cash
1651,500,84,2023-01-08,UPI
1652,501,3638,2023-08-05,UPI
1653,501,4183,2023-10-27,Card
1654,501,1971,2023-10-16,UPI
1655,501,1877,2023-11-02,Card
1656,501,331,2023-03-06,Card
1657,502,8958,2023-01-04,UPI
1658,502,2364,2023-12-05,UPI
1659,502,678,2023-06-09,UPI
1660,503,11472,2023-03-16,UPI
1661,503,528,2023-10-27,Cash
1662,504,3513,2023-09-05,Card
1663,504,1470,2023-11-23,UPI
1664,504,17,2023-01-12,Card
1665,505,2256,2023-06-16,Cash
1666,505,744,2023-06-03,Card
1667,506,1413,2023-05-15,Cash
1668,506,1316,2023-03-11,Cash
1669,506,2011,2023-02-15,UPI
1670,506,260,2023-10-09,Cash
1671,507,1926,2023-02-16,Card
1672,507,1049,2023-06-17,UPI
1673,507,25,2023-10-30,UPI
1674,508,8530,2023-03-26,UPI
1675,508,2835,2023-12-25,UPI
1676,508,635,2023-09-26,Card
1677,509,3863,2023-11-23,Cash
1678,509,1042,2023-07-02,Cash
1679,509,95,2023-03-19,Card
1680,510,7086,2023-09-09,Card
1681,510,1763,2023-07-24,Card
1682,510,2795,2023-04-23,Card
1683,510,356,2023-01-24,Card
1684,511,1340,2023-12-20,UPI
1685,511,3149,2023-11-26,Cash
1686,511,511,2023-08-13,UPI
1687,512,3386,2023-02-15,Card
1688,512,1282,2023-01-16,Card
1689,512,332,2023-12-02,Cash
1690,513,4945,2023-09-12,Cash
1691,513,55,2023-10-10,Card
1692,514,3493,2023-12-23,Cash
1693,514,1331,2023-04-17,UPI
1694,514,176,2023-02-08,Cash
1695,515,2612,2023-01-06,Card
1696,515,388,2023-11-30,Cash
1697,516,4475,2023-01-20,Card
1698,516,4642,2023-11-24,UPI
1699,516,2790,2023-02-16,Card
1700,516,93,2023-09-24,UPI
1701,517,1362,2023-10-23,Cash
1702,517,2183,2023-03-11,UPI
1703,517,1400,2023-03-18,Card
1704,517,55,2023-02-09,Card
1705,518,1024,2023-06-03,UPI
1706,518,4389,2023-12-15,UPI
1707,518,3481,2023-12-07,UPI
1708,518,106,2023-05-29,UPI
1709,519,1741,2023-05-07,Card
1710,519,1776,2023-02-21,Card
1711,519,5659,2023-07-18,Card
1712,519,2606,2023-12-04,UPI
1713,519,218,2023-12-06,Card
1714,520,1489,2023-06-27,Card
1715,520,1357,2023-09-23,UPI
1716,520,154,2023-11-26,Cash
1717,521,1656,2023-01-14,Cash
1718,521,6667,2023-11-07,Cash
1719,521,677,2023-05-13,UPI
1720,522,2745,2023-07-24,UPI
1721,522,255,2023-06-20,Cash
1722,523,10992,2023-05-16,Cash
1723,523,1003,2023-09-06,Cash
1724,523,5,2023-02-27,Card
1725,524,3048,2023-12-30,Cash
1726,524,1063,2023-12-27,Card
1727,524,889,2023-12-25,UPI
1728,525,1621,2023-03-21,UPI
1729,525,1363,2023-02-04,UPI
1730,525,16,2023-07-06,Card
1731,526,3018,2023-10-13,Cash
1732,526,1790,2023-09-23,Cash
1733,526,192,2023-08-18,Cash
1734,527,8621,2023-07-20,UPI
1735,527,379,2023-10-10,Card
1736,528,2442,2023-04-23,Cash
1737,528,3308,2023-05-20,Cash
1738,528,2468,2023-06-18,Card
1739,528,782,2023-06-27,Card
1740,529,1478,2023-12-24,Cash
1741,529,3189,2023-05-23,Cash
1742,529,1861,2023-10-12,UPI
1743,529,1294,2023-04-06,Card
1744,529,1095,2023-04-28,UPI
1745,529,83,2023-09-28,Cash
1746,530,6287,2023-05-30,Card
1747,530,1093,2023-11-08,UPI
1748,530,1179,2023-01-07,Card
1749,530,441,2023-04-28,Cash
1750,531,1776,2023-08-10,Cash
1751,531,1676,2023-04-11,Cash
1752,531,1269,2023-05-23,UPI
1753,531,279,2023-03-14,Card
1754,532,4338,2023-10-17,Card
1755,532,1207,2023-11-16,Cash
1756,532,6428,2023-09-08,Card
1757,532,27,2023-08-27,UPI
1758,533,1058,2023-02-15,Cash
1759,533,2546,2023-05-04,Cash
1760,533,1314,2023-05-16,Card
1761,533,82,2023-10-13,Card
1762,534,2957,2023-01-16,Card
1763,534,1153,2023-09-18,Card
1764,534,890,2023-01-20,UPI
1765,535,2415,2023-10-10,Cash
1766,535,1668,2023-06-22,UPI
1767,535,917,2023-05-28,Card
1768,536,3604,2023-09-29,UPI
1769,536,1237,2023-03-01,Cash
1770,536,159,2023-05-03,UPI
1771,537,2712,2023-09-08,UPI
1772,537,288,2023-11-13,Cash
1773,538,1494,2023-07-03,Card
1774,538,1422,2023-02-10,UPI
1775,538,84,2023-05-22,Cash
1776,539,6082,2023-01-10,UPI
1777,539,2904,2023-08-17,Cash
1778,539,14,2023-06-18,Card
1779,540,4002,2023-04-26,Card
1780,540,998,2023-08-01,Card
1781,541,7585,2023-06-06,Cash
1782,541,2132,2023-06-30,UPI
1783,541,1532,2023-11-21,Cash
1784,541,751,2023-04-05,Cash
1785,542,2284,2023-01-07,Cash
1786,542,716,2023-07-12,UPI
1787,543,4019,2023-07-28,UPI
1788,543,981,2023-11-05,UPI
1789,544,9213,2023-01-29,Cash
1790,544,2506,2023-08-30,UPI
1791,544,281,2023-08-31,Cash
1792,545,2389,2023-11-24,UPI
1793,545,1415,2023-05-06,Card
1794,545,4565,2023-10-21,Card
1795,545,631,2023-09-05,Card
1796,546,6174,2023-05-19,UPI
1797,546,1384,2023-07-08,Cash
1798,546,1975,2023-11-11,Cash
1799,546,2149,2023-11-23,Cash
1800,546,318,2023-09-24,UPI
1801,547,6406,2023-08-03,Cash
1802,547,1226,2023-09-21,Cash
1803,547,1169,2023-12-27,UPI
1804,547,199,2023-04-15,Cash
1805,548,4803,2023-01-08,UPI
1806,548,197,2023-08-18,Card
1807,549,11764,2023-11-18,Cash
1808,549,236,2023-06-16,Cash
1809,550,1791,2023-12-02,UPI
1810,550,1083,2023-03-15,Card
1811,550,126,2023-02-07,Cash
1812,551,7501,2023-01-12,Cash
1813,551,1032,2023-09-24,Card
1814,551,467,2023-08-20,Card
1815,552,9765,2023-05-15,Card
1816,552,2136,2023-04-23,UPI
1817,552,99,2023-03-20,Cash
1818,553,4065,2023-06-17,Card
1819,553,935,2023-10-16,Card
1820,554,1660,2023-12-31,UPI
1821,554,1141,2023-07-12,Card
1822,554,3018,2023-07-31,UPI
1823,554,2378,2023-07-31,Card
1824,554,803,2023-09-25,Cash
1825,555,1524,2023-05-02,UPI
1826,555,1276,2023-01-05,UPI
1827,555,200,2023-06-27,Cash
1828,556,1029,2023-11-04,Card
1829,556,1481,2023-02-18,UPI
1830,556,490,2023-04-28,Card
1831,557,4740,2023-04-06,Card
1832,557,260,2023-11-15,Card
1833,558,1361,2023-03-09,Cash
1834,558,4611,2023-08-17,UPI
1835,558,1476,2023-02-11,Card
1836,558,2891,2023-04-03,Card
1837,558,1620,2023-07-18,UPI
1838,558,41,2023-10-13,Card
1839,559,2563,2023-06-24,UPI
1840,559,437,2023-06-07,Card
1841,560,4595,2023-03-06,UPI
1842,560,1593,2023-10-22,Card
1843,560,1468,2023-04-28,Card
1844,560,1205,2023-06-25,Card
1845,560,139,2023-05-07,UPI
1846,561,5623,2023-03-27,Cash
1847,561,1928,2023-12-16,Card
1848,561,1132,2023-05-05,Card
1849,561,317,2023-02-17,UPI
1850,562,1937,2023-10-22,UPI
1851,562,1001,2023-01-16,Card
1852,562,62,2023-11-15,UPI
1853,563,3886,2023-08-16,Card
1854,563,1084,2023-07-08,Cash
1855,563,30,2023-03-28,Cash
1856,564,1408,2023-08-28,UPI
1857,564,1493,2023-01-30,Card
1858,564,99,2023-08-01,Card
1859,565,10507,2023-08-10,UPI
1860,565,1207,2023-08-05,Cash
1861,565,286,2023-09-10,Card
1862,566,3559,2023-03-17,Cash
1863,566,1336,2023-05-02,UPI
1864,566,105,2023-11-26,Cash
1865,567,8820,2023-07-24,Cash
1866,567,180,2023-09-03,UPI
1867,568,4898,2023-04-17,UPI
1868,568,102,2023-04-04,Cash
1869,569,3119,2023-09-11,Card
1870,569,6229,2023-11-03,Card
1871,569,1245,2023-01-04,UPI
1872,569,1080,2023-04-03,Cash
1873,569,327,2023-10-12,Card
1874,570,2708,2023-07-30,Cash
1875,570,292,2023-03-23,Cash
1876,571,2441,2023-10-11,Card
1877,571,559,2023-04-04,Card
1878,572,6402,2023-01-21,Card
1879,572,1311,2023-04-01,Card
1880,572,1121,2023-07-29,Card
1881,572,166,2023-03-25,UPI
1882,573,8314,2023-10-19,Cash
1883,573,686,2023-08-06,UPI
1884,574,3779,2023-08-14,Card
1885,574,2290,2023-07-01,Card
1886,574,1950,2023-08-29,Cash
1887,574,981,2023-10-22,Cash
1888,575,4738,2023-01-16,Card
1889,575,3308,2023-09-29,Cash
1890,575,954,2023-11-24,UPI
1891,576,2994,2023-12-13,Cash
1892,576,6,2023-11-26,Cash
1893,577,3614,2023-09-01,Card
1894,577,1104,2023-02-21,Card
1895,577,282,2023-08-15,Card
1896,578,6174,2023-03-20,UPI
1897,578,4848,2023-02-24,Cash
1898,578,978,2023-01-18,Card
1899,579,5512,2023-05-18,Card
1900,579,1700,2023-10-13,Cash
1901,579,1601,2023-09-01,Card
1902,579,187,2023-12-23,Cash
1903,580,4141,2023-02-02,Cash
1904,580,3815,2023-09-10,Cash
1905,580,1037,2023-12-17,UPI
1906,580,7,2023-02-20,UPI
1907,581,9845,2023-08-19,Cash
1908,581,1371,2023-07-07,Cash
1909,581,784,2023-09-13,UPI
1910,582,1602,2023-12-28,Cash
1911,582,2095,2023-03-20,Card
1912,582,1207,2023-03-08,Card
1913,582,96,2023-11-07,UPI
1914,583,4193,2023-01-01,Card
1915,583,3582,2023-11-15,Card
1916,583,3177,2023-06-13,Card
1917,583,1000,2023-12-14,Cash
1918,583,48,2023-09-29,Card
1919,584,2478,2023-12-23,UPI
1920,584,7338,2023-07-28,UPI
1921,584,1689,2023-11-29,UPI
1922,584,495,2023-06-29,Cash
1923,585,9714,2023-07-28,Card
1924,585,1880,2023-12-07,Card
1925,585,406,2023-05-04,UPI
1926,586,1534,2023-10-09,Card
1927,586,6627,2023-08-02,Cash
1928,586,2107,2023-09-15,UPI
1929,586,1220,2023-08-21,UPI
1930,586,512,2023-04-15,UPI
1931,587,1387,2023-01-13,UPI
1932,587,1307,2023-08-20,UPI
1933,587,306,2023-01-03,Card
1934,588,1466,2023-01-25,Cash
1935,588,1136,2023-11-09,Cash
1936,588,398,2023-10-12,Card
1937,589,3740,2023-04-18,Card
1938,589,1051,2023-04-12,Card
1939,589,209,2023-07-05,Card
1940,590,3351,2023-03-24,Card
1941,590,1409,2023-07-31,Card
1942,590,1973,2023-09-05,Card
1943,590,2053,2023-02-10,Card
1944,590,214,2023-03-21,Card
1945,591,3245,2023-10-01,UPI
1946,591,1720,2023-12-23,Cash
1947,591,1543,2023-07-26,UPI
1948,591,2357,2023-02-03,UPI
1949,591,135,2023-04-08,Card
1950,592,6084,2023-08-08,Card
1951,592,5558,2023-08-07,Cash
1952,592,358,2023-06-07,Card
1953,593,4484,2023-12-19,UPI
1954,593,2887,2023-08-08,Cash
1955,593,1412,2023-02-06,Card
1956,593,217,2023-11-20,UPI
1957,594,1176,2023-05-13,UPI
1958,594,10294,2023-03-13,Card
1959,594,530,2023-08-21,Card
1960,595,1889,2023-08-21,Card
1961,595,1096,2023-01-11,Cash
1962,595,15,2023-08-05,UPI
1963,596,3725,2023-10-27,Card
1964,596,1266,2023-03-16,UPI
1965,596,9,2023-10-22,Card
1966,597,2548,2023-08-14,Cash
1967,597,452,2023-07-04,UPI
1968,598,3906,2023-02-12,Cash
1969,598,1019,2023-11-22,Cash
1970,598,75,2023-11-03,Card
1971,599,1394,2023-04-26,Cash
1972,599,2885,2023-09-28,Cash
1973,599,5887,2023-01-28,UPI
1974,599,1204,2023-03-16,Cash
1975,599,630,2023-08-19,Cash
1976,600,2786,2023-10-18,Cash
1977,600,3020,2023-05-07,UPI
1978,600,2569,2023-12-02,Card
1979,600,1985,2023-02-22,Card
1980,600,1187,2023-03-28,UPI
1981,600,453,2023-10-21,Cash
1982,601,3127,2023-04-10,UPI
1983,601,4316,2023-09-16,UPI
1984,601,3844,2023-02-24,UPI
1985,601,713,2023-03-23,Card
1986,602,1036,2023-10-14,Card
1987,602,10240,2023-06-14,UPI
1988,602,724,2023-05-05,Cash
1989,603,3003,2023-09-02,Cash
1990,603,1255,2023-07-20,UPI
1991,603,742,2023-07-08,Cash
1992,604,2064,2023-02-16,Card
1993,604,9774,2023-09-24,Cash
1994,604,162,2023-01-11,Card
1995,605,1269,2023-07-10,UPI
1996,605,1277,2023-02-19,Card
1997,605,454,2023-07-09,Cash
1998,606,5151,2023-10-12,Cash
1999,606,1749,2023-07-02,UPI
2000,606,1411,2023-05-18,UPI
2001,606,689,2023-04-04,Cash
2002,607,3264,2023-08-26,Cash
2003,607,1134,2023-07-28,Card
2004,607,602,2023-09-02,Card
2005,608,2849,2023-11-27,Cash
2006,608,151,2023-02-04,Card
2007,609,1495,2023-07-20,Card
2008,609,2968,2023-03-13,Cash
2009,609,537,2023-06-20,Card
2010,610,6531,2023-11-15,Card
2011,610,1391,2023-07-08,Cash
2012,610,1067,2023-11-21,UPI
2013,610,11,2023-11-01,Card
2014,611,1810,2023-01-26,Cash
2015,611,2423,2023-02-27,UPI
2016,611,767,2023-05-25,Card
2017,612,1898,2023-05-28,UPI
2018,612,1005,2023-12-29,Cash
2019,612,97,2023-07-20,UPI
2020,613,4845,2023-09-04,UPI
2021,613,155,2023-01-10,Card
2022,614,10849,2023-07-23,UPI
2023,614,1102,2023-11-19,UPI
2024,614,49,2023-03-17,Card
2025,615,2384,2023-11-05,Card
2026,615,616,2023-04-04,Cash
2027,616,8702,2023-11-18,Cash
2028,616,298,2023-10-22,Card
2029,617,4387,2023-12-04,Cash
2030,617,613,2023-01-22,Card
2031,618,8778,2023-05-27,Card
2032,618,2375,2023-11-13,Cash
2033,618,847,2023-12-11,Cash
2034,619,4852,2023-12-02,Cash
2035,619,148,2023-04-16,Cash
2036,620,2222,2023-05-04,UPI
2037,620,778,2023-02-22,Cash
2038,621,1518,2023-05-03,Card
2039,621,1239,2023-02-02,Cash
2040,621,243,2023-04-02,UPI
2041,622,1237,2023-02-16,Card
2042,622,1416,2023-02-06,UPI
2043,622,347,2023-11-27,Card
2044,623,1600,2023-09-06,UPI
2045,623,1272,2023-12-30,Card
2046,623,128,2023-06-22,UPI
2047,624,2133,2023-04-27,Card
2048,624,2421,2023-05-14,Card
2049,624,446,2023-09-19,UPI
2050,625,2182,2023-08-01,Card
2051,625,1232,2023-05-18,Card
2052,625,1403,2023-09-24,UPI
2053,625,183,2023-03-06,UPI
2054,626,2828,2023-10-31,Card
2055,626,172,2023-09-14,UPI
2056,627,1475,2023-11-11,Cash
2057,627,1427,2023-03-02,Card
2058,627,98,2023-10-19,Card
2059,628,2115,2023-03-29,Card
2060,628,885,2023-12-26,Card
2061,629,1888,2023-04-20,UPI
2062,629,2574,2023-09-19,Cash
2063,629,538,2023-05-08,UPI
2064,630,4940,2023-06-18,UPI
2065,630,1317,2023-10-05,Card
2066,630,1228,2023-07-22,Cash
2067,630,1236,2023-01-02,UPI
2068,630,279,2023-05-23,Card
2069,631,3577,2023-09-01,Cash
2070,631,2773,2023-11-25,Cash
2071,631,2446,2023-08-08,Cash
2072,631,204,2023-06-22,UPI
2073,632,2368,2023-01-15,Card
2074,632,632,2023-01-12,UPI
2075,633,3264,2023-04-16,Cash
2076,633,1486,2023-08-07,UPI
2077,633,250,2023-04-28,Cash
2078,634,2290,2023-02-02,Card
2079,634,4696,2023-11-14,Card
2080,634,1436,2023-11-11,UPI
2081,634,578,2023-11-21,UPI
2082,635,1529,2023-10-31,Card
2083,635,9578,2023-05-04,Cash
2084,635,893,2023-07-06,UPI
2085,636,6557,2023-03-24,UPI
2086,636,1862,2023-06-25,UPI
2087,636,581,2023-12-07,Card
2088,637,2937,2023-06-06,Card
2089,637,3470,2023-04-16,Cash
2090,637,1969,2023-01-13,Cash
2091,637,624,2023-10-09,Card
2092,638,3236,2023-12-30,Cash
2093,638,1100,2023-02-10,Card
2094,638,664,2023-09-13,UPI
2095,639,1359,2023-02-19,Cash
2096,639,1039,2023-02-19,Cash
2097,639,602,2023-12-08,UPI
2098,640,7273,2023-09-01,Cash
2099,640,1686,2023-12-04,Cash
2100,640,41,2023-10-21,Cash
2101,641,4214,2023-07-11,UPI
2102,641,2081,2023-05-30,Cash
2103,641,1051,2023-05-24,Card
2104,641,4208,2023-05-25,Card
2105,641,446,2023-12-12,Card
2106,642,3044,2023-08-03,Cash
2107,642,1278,2023-02-15,Card
2108,642,678,2023-09-10,Cash
2109,643,1847,2023-10-23,Cash
2110,643,1071,2023-10-03,UPI
2111,643,82,2023-03-07,Card
2112,644,1513,2023-08-20,UPI
2113,644,1311,2023-08-04,Cash
2114,644,176,2023-03-28,UPI
2115,645,3571,2023-07-01,Card
2116,645,1342,2023-04-28,Card
2117,645,87,2023-08-29,Cash
2118,646,4023,2023-06-10,Cash
2119,646,3090,2023-06-21,UPI
2120,646,1671,2023-12-02,Cash
2121,646,216,2023-10-04,UPI
2122,647,2968,2023-04-08,Cash
2123,647,1457,2023-08-18,Cash
2124,647,575,2023-08-31,Cash
2125,648,3614,2023-05-15,UPI
2126,648,1216,2023-02-10,Cash
2127,648,170,2023-08-04,Card
2128,649,3310,2023-09-06,Cash
2129,649,1441,2023-09-28,Cash
2130,649,2968,2023-02-18,UPI
2131,649,1024,2023-01-26,Cash
2132,649,257,2023-09-29,Cash
2133,650,2906,2023-05-26,UPI
2134,650,1379,2023-09-03,Card
2135,650,715,2023-02-27,Card
2136,651,3918,2023-11-28,UPI
2137,651,1008,2023-05-01,Card
2138,651,74,2023-01-10,Card
2139,652,3259,2023-11-29,Card
2140,652,1095,2023-12-28,Card
2141,652,646,2023-04-22,Card
2142,653,2143,2023-06-21,Card
2143,653,2042,2023-03-18,Card
2144,653,815,2023-07-29,Card
2145,654,3846,2023-02-15,Card
2146,654,2074,2023-03-16,Card
2147,654,2871,2023-03-19,Cash
2148,654,209,2023-09-27,Card
2149,655,1536,2023-04-20,Cash
2150,655,1046,2023-09-24,UPI
2151,655,418,2023-04-06,UPI
2152,656,3122,2023-05-25,Card
2153,656,8874,2023-10-08,Card
2154,656,4,2023-02-11,Cash
2155,657,1527,2023-12-18,Cash
2156,657,5829,2023-01-22,Card
2157,657,1483,2023-06-02,UPI
2158,657,161,2023-05-20,Card
2159,658,2371,2023-03-20,UPI
2160,658,2150,2024-01-01,UPI
2161,658,479,2023-12-17,UPI
2162,659,9097,2023-10-14,UPI
2163,659,1948,2023-09-19,UPI
2164,659,955,2023-03-03,Card
2165,660,1098,2023-03-03,Card
2166,660,1545,2023-09-11,Card
2167,660,357,2023-03-28,UPI
2168,661,2700,2023-09-22,UPI
2169,661,300,2023-10-27,UPI
2170,662,3811,2023-12-06,Cash
2171,662,1080,2023-01-23,UPI
2172,662,109,2023-12-17,Cash
2173,663,3596,2023-04-09,Cash
2174,663,1256,2023-03-30,Cash
2175,663,148,2023-11-10,Card
2176,664,2169,2023-04-26,Cash
2177,664,1474,2023-04-05,Cash
2178,664,1305,2023-10-16,UPI
2179,664,52,2023-04-24,Cash
2180,665,1391,2023-08-04,Card
2181,665,1201,2023-06-25,Card
2182,665,408,2023-01-09,UPI
2183,666,1791,2023-10-14,UPI
2184,666,2844,2023-07-08,UPI
2185,666,365,2023-05-06,UPI
2186,667,1895,2023-10-01,Cash
2187,667,2319,2023-02-10,Cash
2188,667,786,2023-02-28,Card
2189,668,3590,2023-05-11,UPI
2190,668,6156,2023-01-04,Card
2191,668,1038,2023-10-11,Card
2192,668,1007,2023-11-10,Card
2193,668,209,2023-07-30,Cash
2194,669,2404,2023-07-19,Cash
2195,669,596,2023-09-02,Cash
2196,670,4380,2023-04-07,Cash
2197,670,1348,2023-07-26,UPI
2198,670,2251,2023-01-20,UPI
2199,670,1009,2023-03-29,Card
2200,670,12,2023-06-15,UPI
2201,671,2227,2023-01-29,Cash
2202,671,2679,2023-07-21,Cash
2203,671,94,2023-07-15,Card
2204,672,11960,2023-08-06,Cash
2205,672,40,2023-07-21,Card
2206,673,5820,2023-08-10,Cash
2207,673,5133,2023-07-27,Card
2208,673,1027,2023-06-14,Card
2209,673,20,2023-03-01,UPI
2210,674,4035,2023-11-18,UPI
2211,674,2226,2023-12-19,Cash
2212,674,2469,2023-02-04,Card
2213,674,270,2023-09-04,UPI
2214,675,3102,2023-11-11,Cash
2215,675,1152,2023-12-03,Cash
2216,675,746,2023-10-21,Card
2217,676,1244,2023-06-04,Cash
2218,676,7732,2023-03-08,UPI
2219,676,24,2023-05-22,UPI
2220,677,1860,2023-08-27,UPI
2221,677,1026,2023-09-30,Card
2222,677,114,2023-09-08,Cash
2223,678,1380,2023-09-12,Card
2224,678,1855,2023-03-15,Card
2225,678,1099,2023-07-21,Card
2226,678,666,2023-10-26,Cash
2227,679,6155,2023-08-03,Card
2228,679,2685,2023-10-08,UPI
2229,679,160,2023-01-04,Cash
2230,680,2901,2023-06-18,UPI
2231,680,99,2023-09-04,Cash
2232,681,9957,2023-10-17,Card
2233,681,1543,2023-03-28,Cash
2234,681,500,2023-05-23,UPI
2235,682,4076,2023-04-27,UPI
2236,682,6182,2023-01-17,Card
2237,682,1361,2023-05-16,UPI
2238,682,381,2023-09-25,UPI
2239,683,3723,2023-09-02,Cash
2240,683,1047,2023-03-30,UPI
2241,683,230,2023-03-24,Cash
2242,684,10095,2023-02-07,Cash
2243,684,1667,2023-07-15,Cash
2244,684,238,2023-08-27,Card
2245,685,1227,2023-10-18,Cash
2246,685,1624,2023-03-09,Cash
2247,685,1610,2023-04-24,UPI
2248,685,539,2023-08-11,Card
2249,686,4029,2023-07-22,UPI
2250,686,3821,2023-06-03,UPI
2251,686,1050,2023-05-17,Cash
2252,686,100,2023-03-04,UPI
2253,687,4261,2023-02-02,Card
2254,687,2752,2023-11-19,Card
2255,687,1834,2023-10-07,Cash
2256,687,153,2023-06-19,UPI
2257,688,1053,2023-05-19,Card
2258,688,2951,2023-05-18,UPI
2259,688,996,2023-12-04,UPI
2260,689,2878,2023-06-05,Card
2261,689,1835,2023-02-16,UPI
2262,689,287,2023-05-07,Card
2263,690,2954,2023-09-12,UPI
2264,690,1216,2023-08-13,Cash
2265,690,830,2023-03-01,Card
2266,691,3764,2023-01-17,Card
2267,691,1044,2023-10-11,Card
2268,691,192,2023-05-15,Cash
2269,692,1845,2023-03-06,Card
2270,692,1762,2023-01-01,Cash
2271,692,1297,2023-01-24,Cash
2272,692,96,2023-12-17,Cash
2273,693,2859,2023-06-15,Cash
2274,693,141,2023-10-18,Cash
2275,694,7333,2023-02-15,Card
2276,694,1528,2023-05-25,Cash
2277,694,139,2023-01-08,Card
2278,695,2904,2023-04-23,Cash
2279,695,2062,2023-11-02,Cash
2280,695,34,2023-06-11,Cash
2281,696,1586,2023-07-22,Cash
2282,696,1138,2023-06-23,UPI
2283,696,276,2023-08-12,UPI
2284,697,1180,2023-01-26,Cash
2285,697,7369,2023-09-29,Card
2286,697,1067,2023-09-17,Cash
2287,697,1783,2023-01-07,Card
2288,697,601,2023-04-16,UPI
2289,698,6135,2023-04-15,Card
2290,698,2547,2023-07-30,Cash
2291,698,318,2023-07-14,Card
2292,699,1259,2023-01-07,Cash
2293,699,3598,2023-01-21,Card
2294,699,143,2023-10-21,Card
2295,700,1067,2023-09-30,Cash
2296,700,8286,2023-12-06,UPI
2297,700,1121,2023-02-15,UPI
2298,700,1048,2023-07-17,Card
2299,700,478,2023-09-16,UPI
2300,701,2599,2023-04-04,UPI
2301,701,1742,2023-04-24,Card
2302,701,659,2023-07-19,Card
2303,702,1249,2023-03-06,Card
2304,702,1936,2023-05-06,Cash
2305,702,5239,2023-10-05,Card
2306,702,576,2023-10-11,Cash
2307,703,4277,2023-03-09,Cash
2308,703,2852,2023-07-30,UPI
2309,703,2998,2023-11-01,UPI
2310,703,1041,2023-09-20,UPI
2311,703,832,2023-06-12,Cash
2312,704,1115,2023-04-28,Cash
2313,704,1146,2023-01-18,Card
2314,704,739,2023-09-04,UPI
2315,705,3357,2023-10-08,Card
2316,705,1187,2023-08-10,UPI
2317,705,456,2023-12-13,Card
2318,706,2701,2023-10-16,UPI
2319,706,5901,2023-07-12,UPI
2320,706,398,2023-07-15,Card
2321,707,2487,2023-10-07,Cash
2322,707,2939,2023-08-06,UPI
2323,707,2093,2023-06-20,Cash
2324,707,3524,2023-04-26,Card
2325,707,957,2023-07-28,Card
2326,708,4916,2023-09-25,Card
2327,708,3168,2023-04-02,UPI
2328,708,916,2023-01-21,UPI
2329,709,8170,2023-01-17,Cash
2330,709,830,2023-10-28,Cash
2331,710,2809,2023-02-04,Card
2332,710,191,2023-11-03,UPI
2333,711,1770,2023-09-15,UPI
2334,711,1119,2023-06-28,UPI
2335,711,1173,2023-10-11,Cash
2336,711,938,2023-05-18,Card
2337,712,1251,2023-01-03,Cash
2338,712,6812,2023-12-01,Card
2339,712,937,2023-02-27,Cash
2340,713,7732,2023-08-22,Cash
2341,713,1266,2023-02-13,Card
2342,713,2,2023-11-11,Cash
2343,714,1462,2023-06-08,Card
2344,714,1168,2023-04-29,Cash
2345,714,370,2023-02-20,Card
2346,715,2333,2023-11-12,UPI
2347,715,667,2023-05-20,Cash
2348,716,7590,2023-06-13,Card
2349,716,3073,2023-02-23,UPI
2350,716,1143,2023-12-04,UPI
2351,716,194,2023-07-03,Cash
2352,717,7831,2023-12-03,Card
2353,717,1718,2023-04-21,Cash
2354,717,2292,2023-06-01,UPI
2355,717,159,2023-02-06,Card
2356,718,6949,2023-05-24,Cash
2357,718,1619,2023-06-20,UPI
2358,718,432,2023-11-22,UPI
2359,719,3509,2023-09-20,Card
2360,719,1154,2023-07-16,Card
2361,719,337,2023-03-18,Card
2362,720,7033,2023-10-07,UPI
2363,720,3673,2023-12-26,UPI
2364,720,1172,2023-12-26,UPI
2365,720,122,2023-04-17,Card
2366,721,6571,2023-06-03,Cash
2367,721,1022,2023-09-21,UPI
2368,721,1778,2023-01-14,Card
2369,721,1536,2023-10-07,Cash
2370,721,1073,2023-03-22,Card
2371,721,20,2023-08-31,UPI
2372,722,4673,2023-04-25,Card
2373,722,1279,2023-04-04,Card
2374,722,5122,2023-04-12,Card
2375,722,926,2023-07-07,Cash
2376,723,11504,2023-01-21,Card
2377,723,496,2023-11-25,Cash
2378,724,10655,2023-01-10,Cash
2379,724,1201,2023-07-14,Card
2380,724,144,2023-09-06,Cash
2381,725,1638,2023-02-25,Card
2382,725,1070,2023-12-08,Card
2383,725,292,2023-02-14,Card
2384,726,2330,2023-11-25,UPI
2385,726,1185,2023-10-15,UPI
2386,726,1384,2023-07-08,Cash
2387,726,101,2023-02-22,Card
2388,727,4940,2023-06-06,UPI
2389,727,4263,2023-01-29,Card
2390,727,2625,2023-12-29,UPI
2391,727,172,2023-12-05,UPI
2392,728,8293,2023-09-02,UPI
2393,728,1743,2023-12-30,UPI
2394,728,1773,2023-12-08,Card
2395,728,191,2023-10-17,UPI
2396,729,1627,2023-06-28,UPI
2397,729,1231,2023-08-13,UPI
2398,729,142,2023-09-12,UPI
2399,730,2068,2023-04-02,Cash
2400,730,2846,2023-03-27,Cash
2401,730,3132,2023-10-03,UPI
2402,730,954,2023-03-04,Card
2403,731,1800,2023-03-21,UPI
2404,731,1103,2023-06-19,UPI
2405,731,1521,2023-03-26,Cash
2406,731,576,2023-12-22,UPI
2407,732,5045,2023-10-28,UPI
2408,732,3879,2023-03-13,UPI
2409,732,76,2023-09-22,Card
2410,733,6348,2023-04-04,Card
2411,733,1472,2023-12-30,UPI
2412,733,1061,2023-12-15,UPI
2413,733,119,2023-07-19,Card
2414,734,9328,2023-11-27,Cash
2415,734,1684,2023-10-10,UPI
2416,734,988,2023-05-30,Cash
2417,735,3097,2023-05-28,UPI
2418,735,4465,2023-03-28,Cash
2419,735,1418,2023-07-05,UPI
2420,735,20,2023-11-08,Card
2421,736,1660,2023-04-12,UPI
2422,736,1577,2023-04-10,Card
2423,736,1573,2023-12-25,Card
2424,736,190,2023-10-23,Card
2425,737,9499,2023-11-26,UPI
2426,737,1214,2023-05-29,UPI
2427,737,1175,2023-01-06,UPI
2428,737,112,2023-08-22,Card
2429,738,2260,2023-08-01,Cash
2430,738,740,2023-12-24,Card
2431,739,3476,2023-02-11,Cash
2432,739,8449,2023-09-17,Cash
2433,739,75,2023-03-05,Cash
2434,740,8124,2023-02-02,UPI
2435,740,1712,2023-04-24,UPI
2436,740,1271,2023-07-13,UPI
2437,740,893,2023-08-03,UPI
2438,741,2848,2023-01-31,Card
2439,741,2374,2023-08-09,Cash
2440,741,1426,2023-01-25,Card
2441,741,2321,2023-06-09,UPI
2442,741,31,2023-11-14,UPI
2443,742,11736,2023-11-24,Card
2444,742,264,2023-08-30,Card
2445,743,4082,2023-10-25,Cash
2446,743,2381,2023-10-13,Cash
2447,743,5130,2023-05-15,Card
2448,743,407,2023-08-01,UPI
2449,744,1886,2023-09-23,Card
2450,744,1530,2023-02-15,Cash
2451,744,1192,2023-06-27,UPI
2452,744,392,2023-01-22,Cash
2453,745,1865,2023-11-28,Cash
2454,745,1234,2023-11-20,Card
2455,745,1371,2023-06-24,UPI
2456,745,1970,2023-06-14,UPI
2457,745,2160,2023-01-19,Card
2458,745,400,2023-09-06,Cash
2459,746,1653,2023-06-30,UPI
2460,746,1157,2023-09-12,UPI
2461,746,190,2023-04-17,Cash
2462,747,2915,2023-05-19,Cash
2463,747,85,2023-07-02,Cash
2464,748,9843,2023-06-01,UPI
2465,748,2011,2023-06-18,Cash
2466,748,146,2023-11-27,Card
2467,749,2931,2023-04-20,Cash
2468,749,69,2023-07-14,UPI
2469,750,1132,2023-07-08,UPI
2470,750,3039,2023-04-03,Cash
2471,750,2439,2023-10-16,Card
2472,750,3661,2023-01-09,Card
2473,750,1009,2023-09-30,UPI
2474,750,720,2023-07-07,Cash
2475,751,1531,2023-11-02,UPI
2476,751,1045,2023-04-17,Cash
2477,751,424,2023-04-17,Card
2478,752,2660,2023-11-12,UPI
2479,752,2191,2023-01-12,Card
2480,752,149,2023-03-02,UPI
2481,753,5301,2023-03-17,Card
2482,753,5240,2023-07-24,UPI
2483,753,1135,2023-06-10,Cash
2484,753,324,2023-10-18,Cash
2485,754,7245,2023-10-03,UPI
2486,754,1265,2023-03-03,Cash
2487,754,490,2023-10-19,Card
2488,755,3810,2023-06-16,Cash
2489,755,1069,2023-04-13,Cash
2490,755,121,2023-01-20,Card
2491,756,1505,2023-11-08,UPI
2492,756,1468,2023-04-21,Cash
2493,756,27,2023-05-06,Card
2494,757,2305,2023-04-11,Cash
2495,757,1602,2023-08-24,UPI
2496,757,1076,2023-06-21,UPI
2497,757,17,2023-12-29,Card
2498,758,2256,2023-10-19,UPI
2499,758,2071,2023-08-23,UPI
2500,758,673,2023-01-27,Cash
2501,759,3292,2023-05-08,Cash
2502,759,1625,2023-01-18,Card
2503,759,83,2023-05-17,Card
2504,760,1665,2023-11-04,Cash
2505,760,2859,2023-11-12,UPI
2506,760,476,2023-07-10,Card
2507,761,4439,2023-12-02,UPI
2508,761,5287,2023-01-23,Card
2509,761,1880,2023-09-01,UPI
2510,761,394,2023-07-11,UPI
2511,762,1338,2023-10-31,UPI
2512,762,1175,2023-05-23,Cash
2513,762,487,2023-11-30,Cash
2514,763,7130,2023-06-28,UPI
2515,763,1043,2023-08-23,Cash
2516,763,827,2023-06-14,UPI
2517,764,2216,2023-06-08,UPI
2518,764,784,2023-06-17,Card
2519,765,10275,2023-01-02,Card
2520,765,1530,2023-10-20,Card
2521,765,195,2023-03-21,Card
2522,766,2769,2023-11-28,Cash
2523,766,4563,2023-02-11,Cash
2524,766,1397,2023-12-08,UPI
2525,766,271,2023-02-21,UPI
2526,767,4396,2023-08-14,UPI
2527,767,604,2023-09-20,Card
2528,768,4178,2023-04-27,UPI
2529,768,822,2023-08-06,UPI
2530,769,2557,2023-10-30,UPI
2531,769,1000,2023-03-14,Card
2532,769,1412,2023-04-21,Cash
2533,769,31,2023-03-09,Cash
2534,770,6872,2023-12-12,UPI
2535,770,1608,2023-08-10,UPI
2536,770,520,2023-05-22,Cash
2537,771,1979,2023-02-15,Cash
2538,771,1002,2023-05-08,Card
2539,771,19,2023-09-27,Cash
2540,772,5557,2023-07-30,UPI
2541,772,5742,2023-04-09,Cash
2542,772,701,2023-01-04,UPI
2543,773,9090,2023-03-05,Card
2544,773,1470,2023-07-20,Cash
2545,773,1066,2023-09-10,UPI
2546,773,374,2023-09-22,Cash
2547,774,4853,2023-08-31,Cash
2548,774,147,2023-08-09,Cash
2549,775,11557,2023-08-05,Card
2550,775,443,2023-03-21,UPI
2551,776,2398,2023-07-17,UPI
2552,776,602,2023-07-08,Cash
2553,777,2632,2023-12-31,Cash
2554,777,2880,2023-11-09,Cash
2555,777,3270,2023-04-09,UPI
2556,777,218,2023-12-03,Cash
2557,778,1711,2023-01-26,UPI
2558,778,1117,2023-06-02,Card
2559,778,172,2023-03-02,Cash
2560,779,3053,2023-01-15,Cash
2561,779,1815,2023-11-08,UPI
2562,779,132,2023-09-27,Card
2563,780,8994,2023-02-03,UPI
2564,780,6,2023-12-09,Card
2565,781,2507,2023-05-17,Card
2566,781,493,2023-08-09,Cash
2567,782,3524,2023-09-28,Card
2568,782,2170,2023-11-04,UPI
2569,782,2238,2023-04-18,Card
2570,782,1035,2023-03-08,UPI
2571,782,33,2023-10-31,Cash
2572,783,4587,2023-09-13,UPI
2573,783,4829,2023-04-23,UPI
2574,783,1669,2023-09-26,Card
2575,783,915,2023-10-07,Card
2576,784,2654,2023-03-10,Card
2577,784,346,2023-09-16,Cash
2578,785,4413,2023-05-01,UPI
2579,785,587,2023-07-27,UPI
2580,786,1339,2023-12-05,Cash
2581,786,1455,2023-09-02,Card
2582,786,206,2023-10-02,Card
2583,787,2713,2023-06-25,Cash
2584,787,287,2023-12-17,UPI
2585,788,10455,2023-03-02,Card
2586,788,1097,2023-08-09,Cash
2587,788,448,2023-11-08,Card
2588,789,6041,2023-08-12,Card
2589,789,2169,2023-10-15,UPI
2590,789,2306,2024-01-01,UPI
2591,789,1473,2023-07-21,Card
2592,789,11,2023-03-15,Cash
2593,790,10449,2023-06-24,UPI
2594,790,1510,2023-03-06,Cash
2595,790,41,2023-07-03,UPI
2596,791,7378,2023-05-19,Cash
2597,791,1289,2023-05-04,Cash
2598,791,333,2023-09-02,UPI
2599,792,2532,2023-03-14,UPI
2600,792,2350,2023-08-30,Cash
2601,792,2716,2023-01-10,Cash
2602,792,1220,2023-11-06,UPI
2603,792,182,2023-04-28,Cash
2604,793,5049,2023-04-10,Card
2605,793,2285,2023-05-21,Cash
2606,793,1285,2023-04-24,UPI
2607,793,381,2023-02-25,UPI
2608,794,6172,2023-05-01,UPI
2609,794,1723,2023-07-04,UPI
2610,794,1024,2023-09-22,Card
2611,794,81,2023-05-27,Card
2612,795,4408,2023-01-26,Card
2613,795,592,2023-05-29,Card
2614,796,8631,2023-01-17,UPI
2615,796,369,2023-05-07,Card
2616,797,7217,2023-11-21,Card
2617,797,1792,2023-12-27,Card
2618,797,2946,2023-07-02,Card
2619,797,45,2023-10-31,UPI
2620,798,2468,2023-06-08,UPI
2621,798,532,2023-01-20,UPI
2622,799,3849,2023-12-28,UPI
2623,799,1065,2023-01-01,Cash
2624,799,86,2023-10-31,Card
2625,800,4461,2023-08-01,UPI
2626,800,3805,2023-06-23,Cash
2627,800,734,2023-08-18,Card
2628,801,7886,2023-02-11,Card
2629,801,1028,2023-07-29,Card
2630,801,86,2023-03-01,UPI
2631,802,2389,2023-03-11,Card
2632,802,9486,2023-12-10,Cash
2633,802,125,2023-05-26,Card
2634,803,3819,2023-02-21,Cash
2635,803,1084,2023-03-09,Cash
2636,803,97,2023-04-29,Card
2637,804,4277,2023-11-20,Cash
2638,804,723,2023-05-30,Cash
2639,805,8010,2023-08-22,Card
2640,805,990,2023-03-21,UPI
2641,806,5638,2023-09-10,Card
2642,806,3183,2023-11-21,Cash
2643,806,179,2023-11-01,UPI
2644,807,4248,2023-02-18,Card
2645,807,2417,2023-05-06,Cash
2646,807,4465,2023-08-18,UPI
2647,807,870,2023-04-13,Cash
2648,808,7701,2023-12-20,Card
2649,808,3663,2023-06-05,Card
2650,808,636,2023-08-15,Card
2651,809,1002,2023-09-27,Cash
2652,809,1288,2023-11-19,UPI
2653,809,1184,2023-03-06,Card
2654,809,1095,2023-02-22,UPI
2655,809,431,2023-07-22,Cash
2656,810,1819,2023-09-22,Cash
2657,810,1056,2023-07-13,Cash
2658,810,125,2023-08-26,Card
2659,811,5585,2023-01-22,UPI
2660,811,1085,2023-06-21,UPI
2661,811,1034,2023-09-12,Card
2662,811,1092,2023-09-21,UPI
2663,811,204,2023-06-01,Cash
2664,812,1615,2023-02-03,Card
2665,812,1014,2023-02-17,Cash
2666,812,371,2023-01-30,Cash
2667,813,7653,2023-10-18,Cash
2668,813,1174,2023-12-24,UPI
2669,813,173,2023-09-11,Cash
2670,814,4997,2023-08-21,Cash
2671,814,3,2023-07-11,Cash
2672,815,1356,2023-08-21,Card
2673,815,1615,2023-03-12,Cash
2674,815,29,2023-02-01,Card
2675,816,4843,2023-09-11,UPI
2676,816,157,2023-10-13,Card
2677,817,7654,2023-08-18,UPI
2678,817,1318,2023-09-17,UPI
2679,817,28,2023-01-15,Cash
2680,818,1355,2023-11-16,UPI
2681,818,1226,2023-06-10,Cash
2682,818,419,2023-07-07,Card
2683,819,11508,2023-03-11,UPI
2684,819,492,2023-09-23,Card
2685,820,2287,2023-12-06,Cash
2686,820,713,2023-07-15,UPI
2687,821,2206,2023-07-16,UPI
2688,821,5829,2023-03-15,Cash
2689,821,965,2023-06-13,UPI
2690,822,11875,2023-10-18,Cash
2691,822,125,2023-08-29,Card
2692,823,2212,2023-12-12,Cash
2693,823,5597,2023-08-11,Card
2694,823,2119,2023-01-04,Cash
2695,823,1622,2023-04-10,Card
2696,823,450,2023-11-22,Cash
2697,824,2278,2023-06-14,Cash
2698,824,1365,2023-07-03,Cash
2699,824,1148,2023-05-08,Card
2700,824,209,2023-05-10,UPI
2701,825,2167,2023-10-08,Card
2702,825,5741,2023-04-03,UPI
2703,825,1009,2023-02-06,Card
2704,825,83,2023-02-06,Card
2705,826,2481,2023-02-03,Cash
2706,826,519,2023-10-07,Cash
2707,827,3378,2023-07-31,Cash
2708,827,2144,2023-09-01,UPI
2709,827,1181,2023-02-08,Card
2710,827,1548,2023-12-28,UPI
2711,827,749,2023-03-03,Cash
2712,828,6247,2023-07-28,Cash
2713,828,1473,2023-01-01,Cash
2714,828,1278,2023-07-28,Card
2715,828,2,2023-12-12,Cash
2716,829,3244,2023-05-03,Card
2717,829,1599,2023-07-23,Card
2718,829,157,2023-05-25,Cash
2719,830,2683,2023-12-14,Card
2720,830,1382,2023-09-24,Card
2721,830,1672,2023-05-07,UPI
2722,830,3203,2023-02-26,Card
2723,830,60,2023-10-08,Card
2724,831,4156,2023-01-13,Card
2725,831,2017,2023-01-01,Card
2726,831,2194,2023-08-07,Cash
2727,831,633,2023-11-12,Card
2728,832,4779,2023-09-05,UPI
2729,832,221,2023-03-26,Card
2730,833,9694,2023-10-10,Cash
2731,833,1841,2023-02-19,Card
2732,833,465,2023-02-05,Card
2733,834,8669,2023-09-23,UPI
2734,834,331,2023-07-16,Card
2735,835,5496,2023-10-22,Cash
2736,835,5608,2023-06-08,UPI
2737,835,896,2023-03-04,Card
2738,836,2037,2023-12-13,UPI
2739,836,963,2023-03-06,UPI
2740,837,7444,2023-01-07,Card
2741,837,4082,2023-12-28,Cash
2742,837,474,2023-04-15,Cash
2743,838,1634,2023-01-17,UPI
2744,838,3542,2023-06-28,Card
2745,838,1098,2023-08-17,Card
2746,838,3957,2023-04-19,Cash
2747,838,1210,2023-05-29,Cash
2748,838,559,2023-10-29,Cash
2749,839,2600,2023-04-10,UPI
2750,839,7049,2023-10-18,Card
2751,839,2204,2023-10-06,UPI
2752,839,147,2023-04-16,Card
2753,840,3614,2023-05-11,Card
2754,840,1141,2023-09-14,Cash
2755,840,245,2023-09-07,Card
2756,841,3831,2023-07-05,Card
2757,841,1168,2023-07-11,Card
2758,841,1,2023-05-24,Cash
2759,842,4730,2023-03-17,UPI
2760,842,5918,2023-02-24,UPI
2761,842,1176,2023-09-21,Card
2762,842,176,2023-05-18,Cash
2763,843,1578,2023-11-17,UPI
2764,843,1020,2023-01-15,UPI
2765,843,402,2023-01-05,UPI
2766,844,3207,2023-03-14,UPI
2767,844,1392,2023-11-10,Cash
2768,844,401,2023-09-30,Cash
2769,845,11888,2023-02-27,Card
2770,845,112,2023-04-12,UPI
2771,846,2613,2023-10-08,UPI
2772,846,387,2023-08-06,Cash
2773,847,1793,2023-05-23,Cash
2774,847,3123,2023-01-23,Card
2775,847,84,2023-04-13,Card
2776,848,5675,2023-10-20,Cash
2777,848,2348,2023-03-10,Cash
2778,848,977,2023-01-25,Card
2779,849,2282,2023-08-31,UPI
2780,849,718,2023-07-12,Card
2781,850,11535,2023-08-15,UPI
2782,850,465,2023-01-06,Cash
2783,851,10970,2023-10-16,Card
2784,851,1013,2023-04-19,Card
2785,851,17,2023-10-16,UPI
2786,852,1270,2023-07-21,Cash
2787,852,8218,2023-03-18,Card
2788,852,2406,2023-03-05,UPI
2789,852,106,2023-09-09,Cash
2790,853,3426,2023-01-16,Cash
2791,853,1365,2023-11-10,Cash
2792,853,209,2023-08-24,Card
2793,854,2598,2023-03-30,Cash
2794,854,1506,2023-01-02,UPI
2795,854,896,2023-01-06,Cash
2796,855,2037,2023-06-23,UPI
2797,855,963,2023-12-06,Card
2798,856,3126,2023-08-30,Card
2799,856,3351,2023-11-02,Cash
2800,856,2463,2023-03-26,UPI
2801,856,60,2023-02-04,UPI
2802,857,6606,2023-04-13,Card
2803,857,4795,2023-07-15,Card
2804,857,599,2023-08-19,Cash
2805,858,7349,2023-04-05,Cash
2806,858,1104,2023-05-15,Card
2807,858,547,2023-09-24,Card
2808,859,1705,2023-11-17,Cash
2809,859,1119,2023-05-08,UPI
2810,859,176,2023-08-29,Cash
2811,860,2524,2023-06-24,UPI
2812,860,6427,2023-07-14,Card
2813,860,1065,2023-07-09,Cash
2814,860,1475,2023-04-07,Card
2815,860,509,2023-11-03,Cash
2816,861,5443,2023-10-09,Card
2817,861,5111,2023-03-04,Card
2818,861,1297,2023-10-09,Card
2819,861,149,2023-08-12,Card
2820,862,2712,2023-04-25,UPI
2821,862,288,2023-03-13,UPI
2822,863,3993,2023-04-30,Cash
2823,863,7864,2023-05-30,UPI
2824,863,143,2023-01-17,Cash
2825,864,6706,2023-06-02,Card
2826,864,4676,2023-04-29,Card
2827,864,618,2023-06-16,UPI
2828,865,10998,2024-01-01,UPI
2829,865,1001,2023-10-18,UPI
2830,865,1,2023-08-10,Card
2831,866,1904,2023-12-19,UPI
2832,866,1322,2023-06-14,Card
2833,866,1120,2023-01-28,Card
2834,866,654,2023-03-12,Cash
2835,867,5229,2023-01-16,Card
2836,867,1305,2023-06-12,UPI
2837,867,2371,2023-07-04,Card
2838,867,95,2023-09-08,UPI
2839,868,4055,2023-05-14,UPI
2840,868,945,2023-06-05,Card
2841,869,2297,2023-12-27,UPI
2842,869,1528,2023-08-30,Cash
2843,869,1154,2023-10-11,UPI
2844,869,21,2023-06-13,Cash
2845,870,3378,2023-12-04,Card
2846,870,4004,2023-02-15,UPI
2847,870,1591,2023-07-22,Cash
2848,870,27,2023-10-12,Cash
2849,871,2769,2023-08-21,Cash
2850,871,231,2023-07-10,Card
2851,872,1894,2023-07-25,Cash
2852,872,1196,2023-09-26,Card
2853,872,1119,2023-08-02,UPI
2854,872,791,2023-12-25,UPI
2855,873,2556,2023-11-13,UPI
2856,873,444,2023-06-02,UPI
2857,874,2269,2023-08-24,Cash
2858,874,731,2023-07-15,UPI
2859,875,3515,2023-03-04,Cash
2860,875,1572,2023-05-20,UPI
2861,875,5039,2023-03-11,UPI
2862,875,1837,2023-10-17,Card
2863,875,37,2023-07-29,Card
2864,876,2902,2023-10-17,Cash
2865,876,98,2023-12-19,UPI
2866,877,4697,2023-02-15,Cash
2867,877,303,2023-09-29,Card
2868,878,2247,2023-07-31,Cash
2869,878,3644,2023-08-23,UPI
2870,878,4313,2023-11-30,Card
2871,878,1767,2023-05-27,Card
2872,878,29,2023-09-22,Cash
2873,879,2705,2023-05-03,Cash
2874,879,295,2023-09-03,UPI
2875,880,1985,2023-05-12,Cash
2876,880,1011,2023-01-12,Card
2877,880,4,2023-03-23,Cash
2878,881,1863,2023-03-15,Cash
2879,881,8573,2023-06-11,Card
2880,881,1017,2023-08-15,Card
2881,881,547,2023-10-11,UPI
2882,882,1597,2023-08-24,Cash
2883,882,1036,2023-03-27,UPI
2884,882,367,2023-10-09,UPI
2885,883,2476,2023-06-23,UPI
2886,883,524,2023-02-12,Cash
2887,884,3419,2023-05-24,Cash
2888,884,1529,2023-11-17,UPI
2889,884,52,2023-04-03,Cash
2890,885,1246,2023-06-08,Cash
2891,885,1418,2023-11-17,UPI
2892,885,336,2023-04-28,Cash
2893,886,1621,2023-04-21,Cash
2894,886,3290,2023-04-12,Cash
2895,886,89,2023-12-22,UPI
2896,887,7347,2023-12-23,UPI
2897,887,1474,2023-05-14,UPI
2898,887,179,2023-03-10,UPI
2899,888,6436,2023-10-15,Cash
2900,888,1394,2023-10-09,UPI
2901,888,1135,2023-01-21,Card
2902,888,35,2023-06-24,Card
2903,889,1550,2023-07-19,UPI
2904,889,1007,2023-11-14,Cash
2905,889,443,2023-02-17,Cash
2906,890,2873,2023-04-03,Card
2907,890,1200,2023-04-17,Cash
2908,890,927,2023-08-14,UPI
2909,891,2173,2023-06-26,UPI
2910,891,827,2023-07-13,Card
2911,892,2201,2023-08-31,Cash
2912,892,799,2023-05-21,UPI
2913,893,9702,2023-01-30,Card
2914,893,1776,2023-10-28,UPI
2915,893,522,2023-05-13,Card
2916,894,3233,2023-06-06,Cash
2917,894,4279,2023-07-04,Card
2918,894,2445,2023-08-26,UPI
2919,894,1097,2023-03-08,UPI
2920,894,946,2023-01-02,UPI
2921,895,3167,2023-01-05,UPI
2922,895,1574,2023-05-29,Card
2923,895,259,2023-08-18,Cash
2924,896,2996,2023-03-26,Cash
2925,896,3384,2023-06-16,Card
2926,896,3779,2023-01-05,Card
2927,896,1782,2023-12-23,UPI
2928,896,59,2023-12-22,Card
2929,897,5752,2023-08-05,UPI
2930,897,4810,2023-06-07,UPI
2931,897,1074,2023-03-13,Card
2932,897,364,2023-05-19,UPI
2933,898,3547,2023-01-03,Card
2934,898,1200,2023-09-18,Cash
2935,898,253,2023-11-25,Card
2936,899,1616,2023-06-11,Cash
2937,899,1262,2023-11-10,Cash
2938,899,122,2023-12-18,Cash
2939,900,2298,2023-12-29,Card
2940,900,1882,2023-08-15,Card
2941,900,820,2023-07-23,Card
2942,901,2974,2023-07-09,Cash
2943,901,26,2023-04-28,UPI
2944,902,3984,2023-03-04,Cash
2945,902,1000,2023-06-04,UPI
2946,902,16,2023-05-30,Card
2947,903,9026,2023-08-01,Cash
2948,903,1827,2023-04-25,UPI
2949,903,1061,2023-10-27,UPI
2950,903,86,2023-03-22,Card
2951,904,6694,2023-08-29,UPI
2952,904,2244,2023-10-06,Card
2953,904,62,2023-05-22,UPI
2954,905,1345,2023-07-22,Card
2955,905,1186,2023-08-29,Cash
2956,905,469,2023-02-05,Card
2957,906,3541,2023-08-25,Card
2958,906,4192,2023-05-22,Card
2959,906,3766,2023-09-11,Card
2960,906,501,2023-10-29,Cash
2961,907,1670,2023-10-23,UPI
2962,907,1162,2023-04-04,Cash
2963,907,168,2023-02-06,Card
2964,908,5881,2023-02-13,Cash
2965,908,2712,2023-05-21,Card
2966,908,407,2023-01-21,Card
2967,909,5401,2023-07-28,Cash
2968,909,1135,2023-04-06,Card
2969,909,1912,2023-10-04,Cash
2970,909,552,2023-01-21,UPI
2971,910,3144,2023-05-26,Card
2972,910,1637,2023-04-23,Card
2973,910,219,2023-11-12,Card
2974,911,4474,2023-04-23,Cash
2975,911,526,2023-11-06,Card
2976,912,3128,2023-04-21,Card
2977,912,6892,2023-04-21,UPI
2978,912,1649,2023-10-01,Card
2979,912,331,2023-05-01,Card
2980,913,7854,2023-04-05,UPI
2981,913,1061,2023-08-05,Card
2982,913,85,2023-10-05,Card
2983,914,10168,2023-01-20,Cash
2984,914,1630,2023-12-25,Cash
2985,914,202,2023-10-24,UPI
2986,915,2278,2023-12-11,UPI
2987,915,722,2023-03-25,UPI
2988,916,2790,2023-08-20,Card
2989,916,1952,2023-12-31,Cash
2990,916,258,2023-12-13,UPI
2991,917,8129,2023-03-04,UPI
2992,917,871,2023-06-06,UPI
2993,918,8136,2023-11-18,UPI
2994,918,864,2023-09-11,UPI
2995,919,1729,2023-01-23,UPI
2996,919,1402,2023-10-03,UPI
2997,919,1654,2023-01-30,Card
2998,919,215,2023-07-03,Card
2999,920,1516,2023-04-22,UPI
3000,920,6216,2023-08-10,Cash
3001,920,1138,2023-02-22,Cash
3002,920,2411,2023-07-06,UPI
3003,920,719,2023-03-02,Cash
3004,921,9775,2023-02-09,UPI
3005,921,1670,2023-07-01,UPI
3006,921,555,2023-03-26,Cash
3007,922,1560,2023-01-27,Cash
3008,922,6172,2023-03-21,UPI
3009,922,4076,2023-04-24,Card
3010,922,192,2023-08-26,UPI
3011,923,3145,2023-11-15,Card
3012,923,7204,2023-03-26,Card
3013,923,1312,2023-09-14,Card
3014,923,339,2023-08-20,Cash
3015,924,2016,2023-04-09,Card
3016,924,984,2023-02-24,UPI
3017,925,3133,2023-08-11,Cash
3018,925,1200,2023-04-29,UPI
3019,925,667,2023-05-14,Card
3020,926,4381,2023-01-28,Cash
3021,926,4067,2023-08-12,Cash
3022,926,1471,2023-09-04,Card
3023,926,1721,2023-10-27,Card
3024,926,360,2023-07-16,Cash
3025,927,1728,2023-10-29,Card
3026,927,1057,2023-04-19,UPI
3027,927,215,2023-02-04,UPI
3028,928,1506,2023-06-10,UPI
3029,928,1003,2023-02-28,Card
3030,928,491,2023-09-07,Cash
3031,929,1205,2023-04-04,Cash
3032,929,3589,2023-11-20,UPI
3033,929,206,2023-05-28,Cash
3034,930,3773,2023-01-31,Cash
3035,930,1133,2023-09-01,UPI
3036,930,94,2023-12-17,UPI
3037,931,1214,2023-03-21,Card
3038,931,3147,2023-08-01,Card
3039,931,639,2023-02-13,Card
3040,932,4261,2023-04-17,UPI
3041,932,1954,2023-01-28,UPI
3042,932,2631,2023-08-22,Card
3043,932,154,2023-03-27,Cash
3044,933,3150,2023-10-28,UPI
3045,933,3710,2023-05-21,UPI
3046,933,1213,2023-08-18,UPI
3047,933,927,2023-12-23,UPI
3048,934,1192,2023-05-17,Cash
3049,934,1049,2023-03-04,UPI
3050,934,759,2023-06-21,Cash
3051,935,7658,2023-04-21,Cash
3052,935,2495,2023-09-13,UPI
3053,935,1024,2023-09-28,Card
3054,935,823,2023-07-04,UPI
3055,936,4265,2023-01-13,UPI
3056,936,735,2023-01-26,Cash
3057,937,7919,2023-12-12,UPI
3058,937,3302,2023-12-18,Cash
3059,937,779,2023-09-11,UPI
3060,938,3953,2023-05-17,Cash
3061,938,1026,2023-01-24,Cash
3062,938,21,2023-10-21,Cash
3063,939,3396,2023-09-30,Cash
3064,939,1069,2023-10-01,UPI
3065,939,535,2023-03-02,Card
3066,940,5357,2023-11-06,UPI
3067,940,5557,2023-06-29,UPI
3068,940,1005,2023-08-08,Cash
3069,940,81,2023-10-19,Card
3070,941,2900,2023-11-11,UPI
3071,941,4093,2023-12-05,Cash
3072,941,1691,2023-12-18,Cash
3073,941,316,2023-03-20,Cash
3074,942,5338,2023-05-14,Cash
3075,942,4925,2023-09-04,Card
3076,942,1103,2023-11-17,UPI
3077,942,634,2023-07-15,Card
3078,943,8829,2023-10-20,UPI
3079,943,2278,2023-12-09,UPI
3080,943,893,2023-04-11,Card
3081,944,8471,2023-07-05,Cash
3082,944,529,2023-09-20,Cash
3083,945,1593,2023-03-11,UPI
3084,945,1477,2023-11-24,UPI
3085,945,1354,2023-10-04,UPI
3086,945,576,2023-03-02,Card
3087,946,8428,2023-09-15,UPI
3088,946,572,2023-03-17,Card
3089,947,1409,2023-01-16,UPI
3090,947,5104,2023-05-04,UPI
3091,947,2409,2023-11-18,Cash
3092,947,78,2023-04-05,Cash
3093,948,3522,2023-01-27,Card
3094,948,1595,2023-03-25,Cash
3095,948,6863,2023-04-06,Cash
3096,948,20,2023-10-13,UPI
3097,949,1083,2023-10-11,UPI
3098,949,1586,2023-01-07,Cash
3099,949,331,2023-08-21,Cash
3100,950,5281,2023-12-23,UPI
3101,950,1391,2023-12-30,UPI
3102,950,2148,2023-06-01,Card
3103,950,180,2023-02-04,UPI
3104,951,7851,2023-11-02,UPI
3105,951,1092,2023-07-29,Card
3106,951,2605,2023-06-03,Card
3107,951,452,2023-11-26,UPI
3108,952,8849,2023-01-14,Cash
3109,952,151,2023-02-20,Card
3110,953,4789,2023-09-10,Cash
3111,953,5397,2023-10-09,UPI
3112,953,1019,2023-10-15,UPI
3113,953,795,2023-12-09,Card
3114,954,1943,2023-04-23,Card
3115,954,1319,2023-03-27,UPI
3116,954,1002,2023-04-24,UPI
3117,954,736,2023-06-05,UPI
3118,955,2430,2023-05-27,Card
3119,955,1886,2023-06-08,UPI
3120,955,684,2023-01-23,UPI
3121,956,2789,2023-10-04,Card
3122,956,211,2023-12-23,Cash
3123,957,4399,2023-04-08,UPI
3124,957,601,2023-08-06,Cash
3125,958,9361,2023-03-20,Card
3126,958,1018,2023-06-08,UPI
3127,958,1336,2023-08-09,Card
3128,958,285,2023-02-12,Card
3129,959,1736,2023-04-20,Card
3130,959,2476,2023-03-17,Card
3131,959,788,2023-06-17,Card
3132,960,2292,2023-10-05,Cash
3133,960,708,2023-11-08,UPI
3134,961,4909,2023-12-14,Cash
3135,961,91,2023-03-27,Card
3136,962,8052,2023-03-28,Card
3137,962,948,2023-03-15,Card
3138,963,2183,2023-03-30,UPI
3139,963,5547,2023-08-28,UPI
3140,963,1002,2023-05-10,Card
3141,963,268,2023-06-01,UPI
3142,964,1501,2023-07-13,Cash
3143,964,1119,2023-07-25,Cash
3144,964,380,2023-10-04,UPI
3145,965,5750,2023-12-11,Card
3146,965,2341,2023-03-23,Cash
3147,965,909,2023-07-29,Card
3148,966,1361,2023-07-12,Cash
3149,966,1258,2023-06-29,Card
3150,966,381,2023-01-23,Card
3151,967,2801,2023-12-31,UPI
3152,967,199,2023-12-05,UPI
3153,968,3876,2023-10-10,Cash
3154,968,2066,2023-08-17,Cash
3155,968,1606,2023-01-28,Cash
3156,968,1228,2023-11-13,Cash
3157,968,224,2023-03-05,UPI
3158,969,7908,2023-02-02,Cash
3159,969,1092,2023-10-19,UPI
3160,970,3314,2023-01-11,Card
3161,970,3860,2023-10-19,UPI
3162,970,1199,2023-02-28,Card
3163,970,627,2023-08-08,Card
3164,971,6894,2023-07-15,Cash
3165,971,1951,2023-01-07,Cash
3166,971,1026,2023-04-05,Card
3167,971,1554,2023-07-19,Card
3168,971,575,2023-04-28,Cash
3169,972,8684,2023-05-25,UPI
3170,972,3284,2023-12-02,Cash
3171,972,32,2023-09-25,UPI
3172,973,2709,2023-04-12,Card
3173,973,291,2023-02-24,UPI
3174,974,1700,2023-09-23,Card
3175,974,1413,2023-07-17,Cash
3176,974,1088,2023-11-01,UPI
3177,974,799,2024-01-01,UPI
3178,975,1844,2023-06-04,Card
3179,975,1153,2023-06-21,UPI
3180,975,3,2023-06-13,Card
3181,976,1722,2023-08-23,Cash
3182,976,6174,2023-07-08,Cash
3183,976,1084,2023-09-23,Card
3184,976,20,2023-08-28,Cash
3185,977,10208,2023-06-03,Card
3186,977,1016,2023-08-20,UPI
3187,977,776,2023-05-20,UPI
3188,978,2740,2023-07-01,UPI
3189,978,260,2023-02-20,Cash
3190,979,1098,2023-12-07,Cash
3191,979,1094,2023-05-06,UPI
3192,979,808,2023-08-20,Cash
3193,980,2950,2023-06-07,Cash
3194,980,1282,2023-09-28,Cash
3195,980,768,2023-01-05,UPI
3196,981,2616,2023-09-26,UPI
3197,981,1611,2023-11-21,Cash
3198,981,773,2023-10-14,Cash
3199,982,3701,2023-12-08,Card
3200,982,1266,2023-12-15,UPI
3201,982,33,2023-07-29,Cash
3202,983,2899,2023-07-03,Card
3203,983,101,2023-03-24,Card
3204,984,2310,2023-06-03,UPI
3205,984,690,2023-05-22,Cash
3206,985,5029,2023-11-26,Cash
3207,985,1783,2023-08-26,Cash
3208,985,1178,2023-02-13,Card
3209,985,1006,2023-03-03,Card
3210,985,4,2023-02-02,Cash
3211,986,2588,2023-12-06,Card
3212,986,412,2023-08-14,Card
3213,987,4798,2023-02-18,UPI
3214,987,202,2023-02-14,UPI
3215,988,2587,2023-02-23,UPI
3216,988,413,2023-08-27,Cash
3217,989,2141,2023-07-23,Cash
3218,989,859,2023-05-28,Cash
3219,990,6968,2023-04-09,Card
3220,990,1954,2023-10-14,Card
3221,990,2764,2023-06-20,Cash
3222,990,314,2023-10-03,UPI
3223,991,2173,2023-02-26,Cash
3224,991,827,2023-10-01,Cash
3225,992,1207,2023-10-17,Card
3226,992,3270,2023-08-13,Cash
3227,992,523,2023-06-16,Card
3228,993,1549,2023-03-05,Card
3229,993,1404,2023-10-15,UPI
3230,993,47,2023-05-20,UPI
3231,994,2800,2023-05-06,UPI
3232,994,200,2023-08-28,Card
3233,995,2396,2023-07-24,UPI
3234,995,8552,2023-06-23,Card
3235,995,1042,2023-01-06,Cash
3236,995,10,2023-02-06,Card
3237,996,1256,2023-01-29,Cash
3238,996,1004,2023-07-19,Cash
3239,996,2541,2023-02-10,UPI
3240,996,199,2023-02-06,Cash
3241,997,2452,2023-10-11,Cash
3242,997,548,2023-02-17,UPI
3243,998,1964,2023-03-17,Cash
3244,998,8314,2023-03-27,Card
3245,998,1143,2023-01-22,UPI
3246,998,579,2023-03-06,Card
3247,999,10824,2023-10-01,UPI
3248,999,1085,2023-10-20,Cash
3249,999,91,2023-05-30,Cash
3250,1000,2149,2023-01-27,Cash
3251,1000,851,2023-12-17,Cash
