refund_id,payment_id,refund_amount,refund_date
1,1,1997,2024-06-04
2,2,1301,2024-04-19
3,3,1222,2024-05-18
4,4,1034,2024-07-14
5,5,768,2024-07-10
6,7,1068,2024-06-28
7,9,1314,2024-01-04
8,10,1640,2024-07-01
9,11,572,2024-07-19
10,12,1838,2024-03-30
11,16,1171,2024-04-22
12,20,502,2024-04-24
13,23,1533,2024-04-20
14,24,1812,2024-07-10
15,27,893,2024-02-11
16,29,1235,2024-05-07
17,33,1536,2024-01-28
18,39,1212,2024-06-06
19,40,1634,2024-03-18
20,41,1038,2024-04-28
21,42,915,2024-02-17
22,45,1134,2024-04-01
23,46,889,2024-03-26
24,49,856,2024-05-31
25,50,1596,2024-06-25
26,51,915,2024-02-20
27,52,802,2024-03-27
28,53,1823,2024-05-18
29,58,524,2024-04-28
30,62,809,2024-04-29
31,63,1242,2024-05-22
32,65,1962,2024-01-31
33,67,1748,2024-06-14
34,68,1394,2024-01-11
35,71,1236,2024-03-25
36,74,1498,2024-04-25
37,78,1576,2024-01-09
38,80,1827,2024-05-14
39,82,1417,2024-04-04
40,83,1471,2024-07-03
41,85,663,2024-06-05
42,88,1340,2024-03-29
43,89,852,2024-01-24
44,90,1437,2024-06-22
45,91,1770,2024-03-16
46,93,1523,2024-05-08
47,94,1198,2024-01-22
48,97,514,2024-02-26
49,98,672,2024-02-15
50,99,1362,2024-02-13
51,102,951,2024-01-06
52,103,1714,2024-02-20
53,106,716,2024-02-13
54,108,858,2024-01-05
55,109,1096,2024-02-09
56,110,506,2024-04-07
57,111,1503,2024-06-02
58,112,1387,2024-06-05
59,114,1477,2024-06-19
60,116,1262,2024-03-14
61,117,903,2024-04-15
62,122,1010,2024-07-03
63,125,768,2024-01-12
64,126,647,2024-05-25
65,130,1275,2024-05-09
66,133,1492,2024-03-17
67,134,1820,2024-01-30
68,136,1819,2024-03-01
69,140,539,2024-03-10
70,144,778,2024-07-14
71,145,1308,2024-01-22
72,147,551,2024-03-02
73,149,992,2024-01-22
74,150,1100,2024-04-24
75,151,1554,2024-02-19
76,152,1729,2024-03-20
77,153,925,2024-05-21
78,154,1991,2024-01-06
79,155,507,2024-01-21
80,157,803,2024-05-20
81,161,1263,2024-01-18
82,162,1475,2024-03-14
83,165,1640,2024-06-04
84,166,602,2024-04-11
85,170,1564,2024-03-26
86,171,1496,2024-03-19
87,172,1725,2024-04-25
88,173,1188,2024-07-15
89,174,1022,2024-07-12
90,175,667,2024-02-21
91,177,1782,2024-07-17
92,179,1132,2024-07-17
93,180,777,2024-02-15
94,182,1590,2024-05-22
95,184,1544,2024-05-12
96,186,1005,2024-07-12
97,187,1279,2024-01-21
98,191,1928,2024-06-18
99,193,916,2024-01-04
100,199,792,2024-01-28
101,201,1046,2024-03-25
102,205,1367,2024-05-12
103,206,1730,2024-05-24
104,207,790,2024-02-05
105,209,651,2024-05-26
106,210,1087,2024-05-26
107,212,1843,2024-06-19
108,215,925,2024-01-04
109,216,1901,2024-03-24
110,217,579,2024-05-28
111,218,1759,2024-05-08
112,219,1532,2024-02-12
113,225,1683,2024-03-04
114,227,894,2024-06-24
115,230,961,2024-02-14
116,231,1743,2024-03-21
117,232,1244,2024-06-08
118,234,566,2024-03-30
119,235,1747,2024-01-07
120,238,691,2024-06-12
121,239,1978,2024-06-15
122,242,1279,2024-05-28
123,245,1272,2024-06-23
124,248,580,2024-06-08
125,249,1174,2024-03-02
126,251,1829,2024-06-17
127,253,1299,2024-03-04
128,254,1663,2024-06-21
129,256,1597,2024-04-03
130,258,817,2024-06-29
131,260,1710,2024-06-16
132,261,690,2024-05-10
133,263,1129,2024-02-16
134,264,1472,2024-07-07
135,266,1889,2024-04-09
136,267,1167,2024-02-09
137,270,576,2024-05-21
138,271,1443,2024-06-19
139,273,521,2024-05-11
140,274,1893,2024-04-06
141,275,1456,2024-02-18
142,276,854,2024-04-17
143,277,735,2024-07-03
144,278,1632,2024-02-28
145,279,812,2024-02-19
146,280,1371,2024-04-30
147,281,1076,2024-05-10
148,282,656,2024-06-05
149,283,1661,2024-05-18
150,284,592,2024-01-20
151,285,1173,2024-01-21
152,286,1801,2024-06-15
153,288,1152,2024-02-25
154,291,1277,2024-05-05
155,294,1222,2024-07-16
156,295,969,2024-01-13
157,297,998,2024-07-12
158,298,1727,2024-02-23
159,299,1837,2024-04-18
160,300,1311,2024-01-06
161,303,513,2024-04-10
162,305,1707,2024-02-24
163,307,788,2024-01-27
164,308,739,2024-06-29
165,315,1537,2024-01-30
166,316,1617,2024-05-12
167,317,1988,2024-06-16
168,318,1854,2024-06-25
169,319,713,2024-03-13
170,322,740,2024-01-16
171,323,771,2024-03-20
172,326,649,2024-06-08
173,327,862,2024-03-04
174,330,1335,2024-01-15
175,335,1464,2024-01-23
176,341,1911,2024-05-13
177,349,1364,2024-03-16
178,352,1184,2024-06-07
179,353,1107,2024-06-16
180,354,1644,2024-03-28
181,355,1909,2024-01-12
182,358,778,2024-05-09
183,359,1806,2024-07-13
184,361,1866,2024-06-30
185,363,1144,2024-04-25
186,364,736,2024-03-30
187,366,1237,2024-03-30
188,368,769,2024-06-15
189,369,1222,2024-01-31
190,371,1245,2024-01-24
191,374,847,2024-04-07
192,375,1275,2024-04-26
193,377,655,2024-06-21
194,378,616,2024-06-06
195,380,721,2024-01-21
196,381,698,2024-02-13
197,382,711,2024-03-28
198,383,1427,2024-01-02
199,384,1940,2024-03-28
200,385,1073,2024-07-14
201,387,1192,2024-05-10
202,388,588,2024-04-17
203,391,560,2024-02-14
204,392,655,2024-03-09
205,394,669,2024-03-08
206,395,1754,2024-03-26
207,397,1795,2024-03-04
208,398,974,2024-03-18
209,399,1080,2024-01-13
210,400,1411,2024-02-09
